url,status,final_url,in_sitemap,title,title_len,meta_len,h1_count,words,noindex,canonical,images_no_alt,internal_links,schema,resp_s
https://www.bariatriccounselingcenter.com/,200,,True,Emotional & Binge Eating Therapy San Antonio TX | BCC,53,150,1,1647,False,https://www.bariatriccounselingcenter.com/,0,44,Answer|FAQPage|ImageObject|Place|PostalAddress|Question|SearchAction|VideoObject|WebPage|WebSite,0.42
https://www.bariatriccounselingcenter.com/blog/,200,,True,Blog | Bariatric Counseling Center | Specialized Weight Loss Support,68,0,1,857,False,https://www.bariatriccounselingcenter.com/blog/,0,59,BreadcrumbList|CollectionPage|ImageObject|ListItem|LocalBusiness|Place|PostalAddress|WebSite,0.38
https://www.bariatriccounselingcenter.com/self-improvement/mental-health/how-adhd-impacts-eating-habits-and-weight-management/,200,,True,How ADHD Impacts Eating Habits & Weight | BCC,45,151,1,2711,False,https://www.bariatriccounselingcenter.com/self-improvement/mental-health/how-adhd-impacts-eating-habits-and-weight-management/,0,84,Answer|BreadcrumbList|FAQPage|ImageObject|ListItem|NewsArticle|Person|Place|PostalAddress|Question|WebPage|WebSite,0.85
https://www.bariatriccounselingcenter.com/self-improvement/mental-health/preparing-for-bariatric-surgery-a-mental-health-checklist/,200,,True,Preparing For Bariatric Surgery: Mental Health Checklist | BCC,62,157,1,2668,False,https://www.bariatriccounselingcenter.com/self-improvement/mental-health/preparing-for-bariatric-surgery-a-mental-health-checklist/,0,78,Answer|BreadcrumbList|FAQPage|ImageObject|ListItem|NewsArticle|Person|Place|PostalAddress|Question|VideoObject|WebPage|WebSite,0.4
https://www.bariatriccounselingcenter.com/eating-disorders/emotional-eating-vs-disordered-eating-how-do-you-know-the-difference/,200,,True,Emotional Eating Vs. Disordered Eating: How To Tell | BCC,57,158,1,2027,False,https://www.bariatriccounselingcenter.com/eating-disorders/emotional-eating-vs-disordered-eating-how-do-you-know-the-difference/,0,74,Answer|BreadcrumbList|FAQPage|ImageObject|ListItem|NewsArticle|Person|Place|PostalAddress|Question|WebPage|WebSite,0.37
https://www.bariatriccounselingcenter.com/self-improvement/mental-health/coping-with-emotional-eating-building-an-emotional-first-aid-kit/,200,,True,Coping With Emotional Eating: Build A First-Aid Kit | BCC,57,144,1,2024,False,https://www.bariatriccounselingcenter.com/self-improvement/mental-health/coping-with-emotional-eating-building-an-emotional-first-aid-kit/,0,74,Answer|BreadcrumbList|FAQPage|ImageObject|ListItem|NewsArticle|Person|Place|PostalAddress|Question|WebPage|WebSite,0.84
https://www.bariatriccounselingcenter.com/eating-disorders/binge-eating-disorder-the-symptoms-causes-and-effective-treatment-options/,200,,True,"Binge Eating Disorder: Symptoms, Causes & Treatment | BCC",57,153,1,2426,False,https://www.bariatriccounselingcenter.com/eating-disorders/binge-eating-disorder-the-symptoms-causes-and-effective-treatment-options/,0,84,Answer|BreadcrumbList|FAQPage|ImageObject|ListItem|NewsArticle|Person|Place|PostalAddress|Question|VideoObject|WebPage|WebSite,0.37
https://www.bariatriccounselingcenter.com/healthy-living-2/why-hydration-is-essential-for-weight-loss-and-management/,200,,True,Does Dehydration Cause Weight Loss? What To Know,48,136,1,1985,False,https://www.bariatriccounselingcenter.com/healthy-living-2/why-hydration-is-essential-for-weight-loss-and-management/,0,77,Answer|BreadcrumbList|FAQPage|ImageObject|ListItem|MedicalOrganization|NewsArticle|Person|Place|PostalAddress|Question|WebPage|WebSite,0.33
https://www.bariatriccounselingcenter.com/self-improvement/weight-loss-journey-self-improvement/pre-bariatric-surgery-binge-eating-screening/,200,,True,Pre-Bariatric Surgery And Binge Eating Screening: Why Surgeons Want It Caught Before The OR | Bariatric Counseling Center | Specialized Weight Loss Support,155,142,1,1694,False,https://www.bariatriccounselingcenter.com/self-improvement/weight-loss-journey-self-improvement/pre-bariatric-surgery-binge-eating-screening/,0,71,BreadcrumbList|ImageObject|ListItem|NewsArticle|Person|Place|PostalAddress|WebPage|WebSite,0.35
https://www.bariatriccounselingcenter.com/emotional-eating/emotional-eating-and-coping-skills/,200,,True,Coping Skills For Eating Disorders & Emotional Eating | BCC,59,157,1,1166,False,https://www.bariatriccounselingcenter.com/emotional-eating/emotional-eating-and-coping-skills/,0,65,Answer|BreadcrumbList|FAQPage|ImageObject|ListItem|NewsArticle|Person|Place|PostalAddress|Question|WebPage|WebSite,0.32
https://www.bariatriccounselingcenter.com/diet-and-nutrition/dietitians-or-nutritionists-breaking-down-the-differences/,200,,True,Dietitian Vs Nutritionist: Which Should You See?,48,152,1,1793,False,https://www.bariatriccounselingcenter.com/diet-and-nutrition/dietitians-or-nutritionists-breaking-down-the-differences/,0,61,Answer|BreadcrumbList|FAQPage|ImageObject|ListItem|NewsArticle|Person|Place|PostalAddress|Question|WebPage|WebSite,0.8
https://www.bariatriccounselingcenter.com/emotional-eating/what-is-emotional-eating/,200,,True,"What Is Emotional Eating? Signs, Causes & Help | BCC",52,156,1,1944,False,https://www.bariatriccounselingcenter.com/emotional-eating/what-is-emotional-eating/,0,63,Answer|BreadcrumbList|FAQPage|ImageObject|ListItem|NewsArticle|Person|Place|PostalAddress|Question|WebPage|WebSite,0.35
https://www.bariatriccounselingcenter.com/staff/bariatric-counseling-center-awarded-gold-seal-accreditation/,200,,True,Bariatric Counseling Center Awarded Gold Seal Accreditation,59,153,1,1182,False,https://www.bariatriccounselingcenter.com/staff/bariatric-counseling-center-awarded-gold-seal-accreditation/,0,64,BreadcrumbList|ImageObject|ListItem|NewsArticle|Person|Place|PostalAddress|WebPage|WebSite,0.35
https://www.bariatriccounselingcenter.com/staff/bcc-in-the-news/,200,,True,BCC In The News | BCC Of San Antonio,36,86,1,781,False,https://www.bariatriccounselingcenter.com/staff/bcc-in-the-news/,0,66,BreadcrumbList|ImageObject|ListItem|NewsArticle|Person|Place|PostalAddress|WebPage|WebSite,0.35
https://www.bariatriccounselingcenter.com/diet-and-nutrition/healthy-living/movement-where-to-start/,200,,True,Movement: Where To Start | Bariatric Counseling Center | Specialized Weight Loss Support,88,153,1,1028,False,https://www.bariatriccounselingcenter.com/diet-and-nutrition/healthy-living/movement-where-to-start/,0,58,BreadcrumbList|ImageObject|ListItem|NewsArticle|Person|Place|PostalAddress|WebPage|WebSite,0.76
https://www.bariatriccounselingcenter.com/self-improvement/weight-loss-journey-self-improvement/goal-setting-for-weight-loss/,200,,True,Goal-Setting For Weight Loss | BCC Of San Antonio,49,160,1,1567,False,https://www.bariatriccounselingcenter.com/self-improvement/weight-loss-journey-self-improvement/goal-setting-for-weight-loss/,0,62,BreadcrumbList|ImageObject|ListItem|NewsArticle|Person|Place|PostalAddress|WebPage|WebSite,0.85
https://www.bariatriccounselingcenter.com/self-improvement/behavioral-patterns/how-identify-self-sabotage-causes/,200,,True,How To Identify Self-Sabotage Causes | Part 1,45,102,1,1268,False,https://www.bariatriccounselingcenter.com/self-improvement/behavioral-patterns/how-identify-self-sabotage-causes/,0,63,BreadcrumbList|ImageObject|ListItem|NewsArticle|Person|Place|PostalAddress|WebPage|WebSite,0.78
https://www.bariatriccounselingcenter.com/staff/dr-sara-hamilton-a-holistic-approach-to-weight-loss/,200,,True,Dr. Sara Hamilton – A Holistic Approach To Weight Loss | Bariatric Counseling Center | Specialized Weight Loss Support,118,11,1,609,False,https://www.bariatriccounselingcenter.com/staff/dr-sara-hamilton-a-holistic-approach-to-weight-loss/,0,50,BreadcrumbList|ImageObject|ListItem|NewsArticle|Person|Place|PostalAddress|WebPage|WebSite,0.85
https://www.bariatriccounselingcenter.com/staff/meet-dr-sara-hamilton/,200,,True,Meet Dr. Sara Hamilton | Bariatric Counseling Center | Specialized Weight Loss Support,86,157,1,608,False,https://www.bariatriccounselingcenter.com/staff/meet-dr-sara-hamilton/,0,51,BreadcrumbList|ImageObject|ListItem|NewsArticle|Person|Place|PostalAddress|WebPage|WebSite,0.76
https://www.bariatriccounselingcenter.com/weight-loss-counseling/how-do-i-choose-a-weight-loss-program/,200,,True,How Do I Choose A Weight-Loss Program? | BCC San Antonio,56,156,1,1630,False,https://www.bariatriccounselingcenter.com/weight-loss-counseling/how-do-i-choose-a-weight-loss-program/,0,67,BreadcrumbList|ImageObject|ListItem|NewsArticle|Person|Place|PostalAddress|WebPage|WebSite,0.78
https://www.bariatriccounselingcenter.com/emotional-eating/a-new-approach-to-holiday-eating/,200,,True,A New Approach To Holiday Eating | BCC San Antonio,50,90,1,1609,False,https://www.bariatriccounselingcenter.com/emotional-eating/a-new-approach-to-holiday-eating/,0,61,BreadcrumbList|ImageObject|ListItem|NewsArticle|Person|Place|PostalAddress|WebPage|WebSite,0.36
https://www.bariatriccounselingcenter.com/self-improvement/motivation/understanding-types-of-motivation/,200,,True,Understanding Intrinsic And Extrinsic Motivation: A Comprehensive Guide | The BCC Of San Antonio,96,133,1,1682,False,https://www.bariatriccounselingcenter.com/self-improvement/motivation/understanding-types-of-motivation/,0,62,BreadcrumbList|ImageObject|ListItem|NewsArticle|Person|Place|PostalAddress|WebPage|WebSite,0.81
https://www.bariatriccounselingcenter.com/self-improvement/behavioral-patterns/how-to-change-a-habit/,200,,True,How To Change A Habit | The BCC Of San Antonio,46,133,1,1910,False,https://www.bariatriccounselingcenter.com/self-improvement/behavioral-patterns/how-to-change-a-habit/,0,59,BreadcrumbList|ImageObject|ListItem|NewsArticle|Person|Place|PostalAddress|WebPage|WebSite,0.33
https://www.bariatriccounselingcenter.com/diet-and-nutrition/gut-health/gastroparesis-aka-stomach-paralysis/,200,,True,"What Is Gastroparesis? Causes, Symptoms & Treatment",51,140,1,1690,False,https://www.bariatriccounselingcenter.com/diet-and-nutrition/gut-health/gastroparesis-aka-stomach-paralysis/,0,66,BreadcrumbList|ImageObject|ListItem|NewsArticle|Person|Place|PostalAddress|WebPage|WebSite,0.35
https://www.bariatriccounselingcenter.com/eating-disorders/understanding-disordered-eating-is-your-eating-a-problem/,200,,True,Understanding Eating Disorders — Is Your Eating A Problem? | Bariatric Counseling Center | Specialized Weight Loss Support,122,61,1,1347,False,https://www.bariatriccounselingcenter.com/eating-disorders/understanding-disordered-eating-is-your-eating-a-problem/,0,63,BreadcrumbList|ImageObject|ListItem|NewsArticle|Person|Place|PostalAddress|WebPage|WebSite,0.87
https://www.bariatriccounselingcenter.com/diet-and-nutrition/healthy-living/ozempic-vs-mounjaro-vs-zepbound-for-weight-loss/,200,,True,Ozempic Vs Mounjaro Vs Zepbound: Weight Loss Comparison,55,136,1,1554,False,https://www.bariatriccounselingcenter.com/diet-and-nutrition/healthy-living/ozempic-vs-mounjaro-vs-zepbound-for-weight-loss/,0,60,Answer|BreadcrumbList|FAQPage|ImageObject|ListItem|NewsArticle|Person|Place|PostalAddress|Question|WebPage|WebSite,0.32
https://www.bariatriccounselingcenter.com/self-improvement/mental-health/holistic-weight-loss-approach-overcoming-diet-culture-with-mind-and-body-wellness/,200,,True,Holistic Weight Loss: A Mind-and-Body Approach Beyond Diet Culture,66,161,1,3430,False,https://www.bariatriccounselingcenter.com/self-improvement/mental-health/holistic-weight-loss-approach-overcoming-diet-culture-with-mind-and-body-wellness/,0,79,Answer|BreadcrumbList|FAQPage|ImageObject|ListItem|NewsArticle|Person|Place|PostalAddress|Question|VideoObject|WebPage|WebSite,0.34
https://www.bariatriccounselingcenter.com/self-improvement/behavioral-patterns/sustaining-the-impact-of-ozempic-and-other-sema-glutide-injectables-with-behavioral-support/,200,,True,Ozempic And Other Sema-Glutide Injectables - BCC San Antonio,60,154,1,1630,False,https://www.bariatriccounselingcenter.com/self-improvement/behavioral-patterns/sustaining-the-impact-of-ozempic-and-other-sema-glutide-injectables-with-behavioral-support/,0,71,Answer|BreadcrumbList|FAQPage|ImageObject|ListItem|NewsArticle|Person|Place|PostalAddress|Question|WebPage|WebSite,0.4
https://www.bariatriccounselingcenter.com/diet-and-nutrition/supplements-and-wellness/probiotics-should-you-be-taking-them/,200,,True,Probiotics: Should You Be Taking Them? | Bariatric Counseling Center | Specialized Weight Loss Support,102,315,1,1633,False,https://www.bariatriccounselingcenter.com/diet-and-nutrition/supplements-and-wellness/probiotics-should-you-be-taking-them/,0,64,BreadcrumbList|ImageObject|ListItem|NewsArticle|Person|Place|PostalAddress|WebPage|WebSite,0.81
https://www.bariatriccounselingcenter.com/self-improvement/behavioral-patterns/how-to-identify-self-sabotage-behaviors-part-2/,200,,True,How To Identify Self-Sabotage Behaviors | Part 2 | Bariatric Counseling Center | Specialized Weight Loss Support,112,144,1,1498,False,https://www.bariatriccounselingcenter.com/self-improvement/behavioral-patterns/how-to-identify-self-sabotage-behaviors-part-2/,0,80,BreadcrumbList|ImageObject|ListItem|NewsArticle|Person|Place|PostalAddress|WebPage|WebSite,0.88
https://www.bariatriccounselingcenter.com/self-improvement/mental-health/4-practical-strategies-to-improve-body-image-after-weight-loss/,200,,True,4 Practical Strategies To Improve Body Image After Weight Loss | Bariatric Counseling Center | Specialized Weight Loss Support,126,157,1,1737,False,https://www.bariatriccounselingcenter.com/self-improvement/mental-health/4-practical-strategies-to-improve-body-image-after-weight-loss/,0,66,BreadcrumbList|ImageObject|ListItem|NewsArticle|Person|Place|PostalAddress|WebPage|WebSite,0.37
https://www.bariatriccounselingcenter.com/diet-and-nutrition/healthy-living/fiesta-san-antonio-bariatric/,200,,True,"Fiesta: Culture, Celebration, And Staying On Track | Bariatric Counseling Center | Specialized Weight Loss Support",114,176,1,1676,False,https://www.bariatriccounselingcenter.com/diet-and-nutrition/healthy-living/fiesta-san-antonio-bariatric/,0,74,Answer|BreadcrumbList|FAQPage|ImageObject|ListItem|NewsArticle|Person|Place|PostalAddress|Question|WebPage|WebSite,0.39
https://www.bariatriccounselingcenter.com/healthy-living-2/why-late-night-snacking-always-wins-and-why-youre-not-weak-for-it/,200,,True,Why Late-Night Snacking Always Wins (And Why You’re Not Weak For It) | Bariatric Counseling Center | Specialized Weight Loss Support,132,157,1,1996,False,https://www.bariatriccounselingcenter.com/healthy-living-2/why-late-night-snacking-always-wins-and-why-youre-not-weak-for-it/,0,64,BreadcrumbList|ImageObject|ListItem|NewsArticle|Person|Place|PostalAddress|WebPage|WebSite,0.89
https://www.bariatriccounselingcenter.com/eating-disorders/binge-eating/i-cannot-stop-binge-eating-what-is-actually-going-on/,200,,True,I Cannot Stop Binge Eating. What Is Actually Going On | Bariatric Counseling Center | Specialized Weight Loss Support,117,87,1,2389,False,https://www.bariatriccounselingcenter.com/eating-disorders/binge-eating/i-cannot-stop-binge-eating-what-is-actually-going-on/,0,71,Answer|BreadcrumbList|FAQPage|ImageObject|ListItem|NewsArticle|Person|Place|PostalAddress|Question|WebPage|WebSite,0.89
https://www.bariatriccounselingcenter.com/self-improvement/mental-health/binge-eating-in-men-why-40-percent-of-cases-missed/,200,,True,Binge Eating In Men: Why 40% Of Cases Get Missed | Bariatric Counseling Center | Specialized Weight Loss Support,112,144,1,1667,False,https://www.bariatriccounselingcenter.com/self-improvement/mental-health/binge-eating-in-men-why-40-percent-of-cases-missed/,0,73,BreadcrumbList|ImageObject|ListItem|NewsArticle|Person|Place|PostalAddress|WebPage|WebSite,0.89
https://www.bariatriccounselingcenter.com/self-improvement/mental-health/binge-eating-disorder-ozempic-what-nobody-tells-you/,200,,True,Binge Eating Disorder And Ozempic: What Nobody Tells You | Bariatric Counseling Center | Specialized Weight Loss Support,120,148,1,1538,False,https://www.bariatriccounselingcenter.com/self-improvement/mental-health/binge-eating-disorder-ozempic-what-nobody-tells-you/,0,73,BreadcrumbList|ImageObject|ListItem|NewsArticle|Person|Place|PostalAddress|WebPage|WebSite,0.88
https://www.bariatriccounselingcenter.com/self-improvement/mental-health/day-inside-bcc-binge-eating-iop/,200,,True,A Day Inside BCC's Binge Eating IOP | Bariatric Counseling Center | Specialized Weight Loss Support,99,147,1,1601,False,https://www.bariatriccounselingcenter.com/self-improvement/mental-health/day-inside-bcc-binge-eating-iop/,0,73,BreadcrumbList|ImageObject|ListItem|NewsArticle|Person|Place|PostalAddress|WebPage|WebSite,0.84
https://www.bariatriccounselingcenter.com/healthy-living-2/how-do-i-manage-cravings-and-impulse-eating/,200,,True,How To Manage Food Cravings And Impulse Eating,46,137,1,2655,False,https://www.bariatriccounselingcenter.com/healthy-living-2/how-do-i-manage-cravings-and-impulse-eating/,0,82,Answer|BreadcrumbList|FAQPage|ImageObject|ListItem|NewsArticle|Person|Place|PostalAddress|Question|WebPage|WebSite,0.36
https://www.bariatriccounselingcenter.com/self-improvement/mental-health/better-sleep-for-weight-loss-how-rest-impacts-your-metabolism-and-cravings/,200,,True,"Does Poor Sleep Increase Appetite? Sleep, Cravings & Weight",59,154,1,2657,False,https://www.bariatriccounselingcenter.com/self-improvement/mental-health/better-sleep-for-weight-loss-how-rest-impacts-your-metabolism-and-cravings/,0,80,Answer|BreadcrumbList|FAQPage|ImageObject|ListItem|NewsArticle|Person|Place|PostalAddress|Question|VideoObject|WebPage|WebSite,0.32
https://www.bariatriccounselingcenter.com/self-improvement/mental-health/how-to-improve-self-esteem-while-losing-weight-the-healthy-way/,200,,True,Building Self-Esteem While Pursuing Healthier Habits,52,147,1,3200,False,https://www.bariatriccounselingcenter.com/self-improvement/mental-health/how-to-improve-self-esteem-while-losing-weight-the-healthy-way/,0,78,Answer|BreadcrumbList|FAQPage|ImageObject|ListItem|NewsArticle|Person|Place|PostalAddress|Question|WebPage|WebSite,0.39
https://www.bariatriccounselingcenter.com/self-improvement/mental-health/why-stress-eating-happens/,200,,True,Why Stress Eating Happens: Understanding Why Food Can Feel Out Of Control During Stress | Bariatric Counseling Center | Specialized Weight Loss Support,151,200,1,2250,False,https://www.bariatriccounselingcenter.com/self-improvement/mental-health/why-stress-eating-happens/,0,75,Answer|BreadcrumbList|FAQPage|ImageObject|ListItem|NewsArticle|Person|Place|PostalAddress|Question|WebPage|WebSite,0.35
https://www.bariatriccounselingcenter.com/weight-loss-counseling/five-ways-to-develop-motivation-for-behaviors-you-dont-enjoy/,200,,True,Five Ways To Develop Motivation For Behaviors You Don’t Enjoy | Bariatric Counseling Center | Specialized Weight Loss Support,125,153,1,2637,False,https://www.bariatriccounselingcenter.com/weight-loss-counseling/five-ways-to-develop-motivation-for-behaviors-you-dont-enjoy/,0,80,BreadcrumbList|ImageObject|ListItem|NewsArticle|Person|Place|PostalAddress|VideoObject|WebPage|WebSite,0.83
https://www.bariatriccounselingcenter.com/eating-disorders/how-to-stop-stress-eating-simple-strategies-to-take-control-of-your-habits/,200,,True,How To Stop Stress Eating: Simple Strategies To Take Control Of Your Habits | Bariatric Counseling Center | Specialized Weight Loss Support,139,158,1,2048,False,https://www.bariatriccounselingcenter.com/eating-disorders/how-to-stop-stress-eating-simple-strategies-to-take-control-of-your-habits/,0,87,BreadcrumbList|ImageObject|ListItem|NewsArticle|Person|Place|PostalAddress|VideoObject|WebPage|WebSite,0.88
https://www.bariatriccounselingcenter.com/self-improvement/behavioral-patterns/you-already-do-things-you-dont-want-to-do-why-not-the-things-that-help-you-to-lose-weight/,200,,True,You Already Do Things You Don’t Want To Do – Why Not The Things That Help You To Lose Weight? | Bariatric Counseling Center | Specialized Weight Loss Support,157,157,1,2446,False,https://www.bariatriccounselingcenter.com/self-improvement/behavioral-patterns/you-already-do-things-you-dont-want-to-do-why-not-the-things-that-help-you-to-lose-weight/,0,81,BreadcrumbList|ImageObject|ListItem|NewsArticle|Person|Place|PostalAddress|VideoObject|WebPage|WebSite,0.83
https://www.bariatriccounselingcenter.com/diet-and-nutrition/how-to-overcome-emotional-eating-a-comprehensive-guide/,200,,True,How To Overcome Emotional Eating: A Comprehensive Guide | Bariatric Counseling Center | Specialized Weight Loss Support,119,152,1,2237,False,https://www.bariatriccounselingcenter.com/diet-and-nutrition/how-to-overcome-emotional-eating-a-comprehensive-guide/,0,75,BreadcrumbList|ImageObject|ListItem|NewsArticle|Person|Place|PostalAddress|WebPage|WebSite,0.38
https://www.bariatriccounselingcenter.com/diet-and-nutrition/sustainable-eating-habits-tips-for-long-term-wellness/,200,,True,Sustainable Eating Habits: Tips For Long-term Wellness | Bariatric Counseling Center | Specialized Weight Loss Support,118,153,1,2267,False,https://www.bariatriccounselingcenter.com/diet-and-nutrition/sustainable-eating-habits-tips-for-long-term-wellness/,0,75,BreadcrumbList|ImageObject|ListItem|NewsArticle|Person|Place|PostalAddress|WebPage|WebSite,0.36
https://www.bariatriccounselingcenter.com/weight-loss-counseling/how-psychotherapy-and-mental-health-counseling-support-sustainable-weight-loss/,200,,True,How Psychotherapy And mental Health Counseling Support Sustainable Weight Loss | Bariatric Counseling Center | Specialized Weight Loss Support,142,157,1,1975,False,https://www.bariatriccounselingcenter.com/weight-loss-counseling/how-psychotherapy-and-mental-health-counseling-support-sustainable-weight-loss/,0,77,BreadcrumbList|ImageObject|ListItem|NewsArticle|Person|Place|PostalAddress|WebPage|WebSite,0.34
https://www.bariatriccounselingcenter.com/self-improvement/how-to-stop-self-sabotage-part-3/,200,,True,How To Stop Self-Sabotage | Part 3 | Bariatric Counseling Center | Specialized Weight Loss Support,98,112,1,1371,False,https://www.bariatriccounselingcenter.com/self-improvement/how-to-stop-self-sabotage-part-3/,0,85,BreadcrumbList|ImageObject|ListItem|NewsArticle|Person|Place|PostalAddress|WebPage|WebSite,0.33
https://www.bariatriccounselingcenter.com/healthy-living-2/5-practical-tips-for-dining-out-and-socializing-while-adopting-healthier-eating-habits/,200,,True,5 Practical Tips For Dining Out And Socializing While Adopting Healthier Eating Habits | Bariatric Counseling Center | Specialized Weight Loss Support,150,157,1,2027,False,https://www.bariatriccounselingcenter.com/healthy-living-2/5-practical-tips-for-dining-out-and-socializing-while-adopting-healthier-eating-habits/,0,72,BreadcrumbList|ImageObject|ListItem|NewsArticle|Person|Place|PostalAddress|WebPage|WebSite,0.78
https://www.bariatriccounselingcenter.com/weight-loss-journey/how-family-support-impacts-weight-loss-a-guide-for-loved-ones/,200,,True,How Family Support Impacts Weight Loss: A Guide For Loved Ones | Bariatric Counseling Center | Specialized Weight Loss Support,126,150,1,2362,False,https://www.bariatriccounselingcenter.com/weight-loss-journey/how-family-support-impacts-weight-loss-a-guide-for-loved-ones/,0,71,BreadcrumbList|ImageObject|ListItem|NewsArticle|Person|Place|PostalAddress|WebPage|WebSite,0.34
https://www.bariatriccounselingcenter.com/self-improvement/how-to-maintain-motivation-on-your-weight-loss-journey/,200,,True,How To Maintain Motivation On Your Weight Loss Journey | Bariatric Counseling Center | Specialized Weight Loss Support,118,157,1,1921,False,https://www.bariatriccounselingcenter.com/self-improvement/how-to-maintain-motivation-on-your-weight-loss-journey/,0,72,BreadcrumbList|ImageObject|ListItem|NewsArticle|Person|Place|PostalAddress|WebPage|WebSite,0.33
https://www.bariatriccounselingcenter.com/san-antonio-weight-loss-clinic/,200,,True,San Antonio Weight Loss Clinic: Behavioral Healthcare For Obesity | Bariatric Counseling Center | Specialized Weight Loss Support,129,153,1,1518,False,https://www.bariatriccounselingcenter.com/san-antonio-weight-loss-clinic/,0,38,Answer|Article|BreadcrumbList|FAQPage|ImageObject|ListItem|Person|Place|PostalAddress|Question|WebPage|WebSite,0.33
https://www.bariatriccounselingcenter.com/texas-food-addiction-search-trends/,200,,True,Texas Food Addiction And Binge Eating: What People Search For (2026-Q3) | Bariatric Counseling Center | Specialized Weight Loss Support,135,154,1,1397,False,https://www.bariatriccounselingcenter.com/texas-food-addiction-search-trends/,0,34,Article|BreadcrumbList|ImageObject|ListItem|Person|Place|PostalAddress|WebPage|WebSite,0.77
https://www.bariatriccounselingcenter.com/nutritional-counseling-in-san-antonio-tx/,200,,True,"Nutritional Counseling In San Antonio, TX | Bariatric Counseling Center | Specialized Weight Loss Support",105,155,1,953,False,https://www.bariatriccounselingcenter.com/nutritional-counseling-in-san-antonio-tx/,0,34,Answer|Article|BreadcrumbList|FAQPage|ImageObject|ListItem|Person|Place|PostalAddress|Question|WebPage|WebSite,0.75
https://www.bariatriccounselingcenter.com/bariatric-therapy-in-san-antonio-tx/,200,,True,"Bariatric Therapy In San Antonio, TX | Bariatric Counseling Center",66,152,1,1168,False,https://www.bariatriccounselingcenter.com/bariatric-therapy-in-san-antonio-tx/,0,34,Answer|Article|BreadcrumbList|FAQPage|ImageObject|ListItem|Person|Place|PostalAddress|Question|WebPage|WebSite,0.77
https://www.bariatriccounselingcenter.com/bariatric-surgery-counseling-in-san-antonio-tx/,200,,True,"Bariatric Surgery Counseling In San Antonio, TX | BCC",53,145,1,1633,False,https://www.bariatriccounselingcenter.com/bariatric-surgery-counseling-in-san-antonio-tx/,0,37,Answer|BreadcrumbList|FAQPage|ImageObject|ListItem|Offer|Place|PostalAddress|Question|Service|WebPage|WebSite,0.73
https://www.bariatriccounselingcenter.com/bariatric-counseling-near-me/,200,,True,Bariatric Counseling Near Me | Bariatric Counseling Center,58,162,1,1466,False,https://www.bariatriccounselingcenter.com/bariatric-counseling-near-me/,0,35,Answer|Article|BreadcrumbList|FAQPage|ImageObject|ListItem|Person|Place|PostalAddress|Question|WebPage|WebSite,0.79
https://www.bariatriccounselingcenter.com/start/,200,,True,Ready For Help That Actually Works | Bariatric Counseling Center | Specialized Weight Loss Support,98,156,1,798,False,https://www.bariatriccounselingcenter.com/start/,0,34,Answer|Article|BreadcrumbList|FAQPage|ImageObject|ListItem|Person|Place|PostalAddress|Question|WebPage|WebSite,0.37
https://www.bariatriccounselingcenter.com/eating-disorder-therapist-near-me/,200,,True,Eating Disorder Therapist Near Me | Bariatric Counseling Center,63,168,1,1019,False,https://www.bariatriccounselingcenter.com/eating-disorder-therapist-near-me/,0,34,Answer|Article|BreadcrumbList|FAQPage|ImageObject|ListItem|Person|Place|PostalAddress|Question|WebPage|WebSite,0.73
https://www.bariatriccounselingcenter.com/eating-disorder-referrals-for-providers-in-san-antonio-tx/,200,,True,A Referral Resource For Clinicians: Adult Eating Disorder And Food Addiction Care In San Antonio | Bariatric Counseling Center | Specialized Weight Loss Support,160,157,1,1308,False,https://www.bariatriccounselingcenter.com/eating-disorder-referrals-for-providers-in-san-antonio-tx/,0,34,Answer|Article|BreadcrumbList|FAQPage|ImageObject|ListItem|Person|Place|PostalAddress|Question|WebPage|WebSite,0.74
https://www.bariatriccounselingcenter.com/adhd-and-emotional-eating-in-san-antonio-tx/,200,,True,"When ADHD And Eating Collide, It Is Not A Lack Of Willpower | Bariatric Counseling Center | Specialized Weight Loss Support",123,155,1,924,False,https://www.bariatriccounselingcenter.com/adhd-and-emotional-eating-in-san-antonio-tx/,0,34,Article|BreadcrumbList|ImageObject|ListItem|Person|Place|PostalAddress|WebPage|WebSite,0.8
https://www.bariatriccounselingcenter.com/telehealth-eating-disorder-treatment-in-texas/,200,,True,Telehealth Eating Disorder Treatment In Texas | BCC | Bariatric Counseling Center | Specialized Weight Loss Support,115,157,1,1124,False,https://www.bariatriccounselingcenter.com/telehealth-eating-disorder-treatment-in-texas/,0,34,Answer|Article|BreadcrumbList|FAQPage|ImageObject|ListItem|Person|Place|PostalAddress|Question|WebPage|WebSite,0.71
https://www.bariatriccounselingcenter.com/eating-disorder-group-therapy-san-antonio-tx/,200,,True,"Eating Disorder Group Therapy In San Antonio, TX | BCC | Bariatric Counseling Center | Specialized Weight Loss Support",118,153,1,1143,False,https://www.bariatriccounselingcenter.com/eating-disorder-group-therapy-san-antonio-tx/,0,34,Answer|Article|BreadcrumbList|FAQPage|ImageObject|ListItem|Person|Place|PostalAddress|Question|WebPage|WebSite,1.0
https://www.bariatriccounselingcenter.com/counseling-for-anxiety-and-weight-in-san-antonio-tx/,200,,True,"Counseling For Anxiety And Weight In San Antonio, TX | Bariatric Counseling Center | Specialized Weight Loss Support",116,156,1,962,False,https://www.bariatriccounselingcenter.com/counseling-for-anxiety-and-weight-in-san-antonio-tx/,0,34,Answer|Article|BreadcrumbList|FAQPage|ImageObject|ListItem|Person|Place|PostalAddress|Question|WebPage|WebSite,0.92
https://www.bariatriccounselingcenter.com/therapy-for-eating-disorders-in-san-antonio-tx/,200,,True,"Therapy For Eating Disorders In San Antonio, TX | Bariatric Counseling Center | Specialized Weight Loss Support",111,157,1,1047,False,https://www.bariatriccounselingcenter.com/therapy-for-eating-disorders-in-san-antonio-tx/,0,34,Answer|Article|BreadcrumbList|FAQPage|ImageObject|ListItem|Person|Place|PostalAddress|Question|WebPage|WebSite,0.88
https://www.bariatriccounselingcenter.com/eating-disorder-counseling-in-san-antonio-tx/,200,,True,Eating Disorder Counseling San Antonio | Accredited IOP,55,169,1,1174,False,https://www.bariatriccounselingcenter.com/eating-disorder-counseling-in-san-antonio-tx/,0,34,Answer|Article|BreadcrumbList|FAQPage|ImageObject|ListItem|Person|Place|PostalAddress|Question|WebPage|WebSite,0.71
https://www.bariatriccounselingcenter.com/eating-disorder-therapist-in-san-antonio-tx/,200,,True,"Eating Disorder Therapist In San Antonio, TX | Bariatric Counseling Center | Specialized Weight Loss Support",108,157,1,1150,False,https://www.bariatriccounselingcenter.com/eating-disorder-therapist-in-san-antonio-tx/,0,34,Answer|Article|BreadcrumbList|FAQPage|ImageObject|ListItem|Person|Place|PostalAddress|Question|WebPage|WebSite,0.85
https://www.bariatriccounselingcenter.com/eating-disorder-treatment-in-san-antonio-tx/,200,,True,"Eating Disorder Treatment In San Antonio, TX | Bariatric Counseling Center | Specialized Weight Loss Support",108,156,1,990,False,https://www.bariatriccounselingcenter.com/eating-disorder-treatment-in-san-antonio-tx/,0,34,Answer|Article|BreadcrumbList|FAQPage|ImageObject|ListItem|Person|Place|PostalAddress|Question|WebPage|WebSite,0.33
https://www.bariatriccounselingcenter.com/overeaters-anonymous-support-san-antonio-tx/,200,,True,Overeaters Support In San Antonio | OA-Friendly Clinical Care,61,202,1,1426,False,https://www.bariatriccounselingcenter.com/overeaters-anonymous-support-san-antonio-tx/,0,36,Answer|Article|BreadcrumbList|FAQPage|ImageObject|ListItem|Person|Place|PostalAddress|Question|WebPage|WebSite,0.74
https://www.bariatriccounselingcenter.com/foundayo-behavioral-support-san-antonio/,200,,True,"Foundayo™ Behavioral Support In San Antonio, TX | Bariatric Counseling Center",77,200,1,1253,False,https://www.bariatriccounselingcenter.com/foundayo-behavioral-support-san-antonio/,0,34,Answer|Article|BreadcrumbList|FAQPage|ImageObject|ListItem|Person|Place|PostalAddress|Question|WebPage|WebSite,0.7
https://www.bariatriccounselingcenter.com/eating-disorder-iop-in-san-antonio-tx/,200,,True,"Eating Disorder IOP In San Antonio, TX | BCC",44,157,1,1381,False,https://www.bariatriccounselingcenter.com/eating-disorder-iop-in-san-antonio-tx/,0,35,Answer|BreadcrumbList|FAQPage|ImageObject|ListItem|Offer|Place|PostalAddress|Question|Service|WebPage|WebSite,0.88
https://www.bariatriccounselingcenter.com/emotional-eating-therapy-in-san-antonio-tx/,200,,True,"Emotional Eating Therapy In San Antonio, TX | BCC",49,155,1,1167,False,https://www.bariatriccounselingcenter.com/emotional-eating-therapy-in-san-antonio-tx/,0,39,Answer|BreadcrumbList|FAQPage|ImageObject|ListItem|Offer|Place|PostalAddress|Question|Service|WebPage|WebSite,0.4
https://www.bariatriccounselingcenter.com/testimonials/,200,,True,Real Client Testimonials | Bariatric Counseling Center,54,120,1,1233,False,https://www.bariatriccounselingcenter.com/testimonials/,0,33,Article|BreadcrumbList|ImageObject|ListItem|Person|Place|PostalAddress|VideoObject|WebPage|WebSite,0.8
https://www.bariatriccounselingcenter.com/what-happens-in-a-bariatric-psych-eval/,200,,True,What Happens In A Bariatric Psych Eval? Cost & Insurance,56,148,1,1465,False,https://www.bariatriccounselingcenter.com/what-happens-in-a-bariatric-psych-eval/,0,34,Answer|Article|BreadcrumbList|FAQPage|ImageObject|ListItem|Person|Place|PostalAddress|Question|WebPage|WebSite,0.38
https://www.bariatriccounselingcenter.com/bariatric-psychological-evaluation-near-me/,200,,True,Bariatric Psychological Evaluation Near Me | What To Know,57,144,1,1436,False,https://www.bariatriccounselingcenter.com/bariatric-psychological-evaluation-near-me/,0,34,Answer|Article|BreadcrumbList|FAQPage|ImageObject|ListItem|Person|Place|PostalAddress|Question|WebPage|WebSite,0.79
https://www.bariatriccounselingcenter.com/bariatric-psych-eval-in-texas/,200,,True,Bariatric Psych Eval In Texas | Telehealth Statewide,52,148,1,1472,False,https://www.bariatriccounselingcenter.com/bariatric-psych-eval-in-texas/,0,34,Answer|Article|BreadcrumbList|FAQPage|ImageObject|ListItem|Person|Place|PostalAddress|Question|WebPage|WebSite,0.78
https://www.bariatriccounselingcenter.com/stop-the-cycle-of-binge-eating-you-dont-have-to-face-this-alone/,200,,True,Stop The Cycle Of Binge Eating | Support That Works,51,134,0,1139,False,https://www.bariatriccounselingcenter.com/stop-the-cycle-of-binge-eating-you-dont-have-to-face-this-alone/,0,7,Article|BreadcrumbList|ImageObject|ListItem|Person|Place|PostalAddress|VideoObject|WebPage|WebSite,0.91
https://www.bariatriccounselingcenter.com/post-bariatric-surgery-support/,200,,True,Post-Bariatric Surgery Support,30,148,0,1082,False,https://www.bariatriccounselingcenter.com/post-bariatric-surgery-support/,0,5,Article|BreadcrumbList|ImageObject|ListItem|Person|Place|PostalAddress|VideoObject|WebPage|WebSite,0.81
https://www.bariatriccounselingcenter.com/binge-eating-therapy-in-san-antonio-tx/,200,,True,"Binge Eating Therapy In San Antonio, TX | Bariatric Counseling Center | Specialized Weight Loss Support",103,35,1,929,False,https://www.bariatriccounselingcenter.com/binge-eating-therapy-in-san-antonio-tx/,0,34,Answer|Article|BreadcrumbList|FAQPage|ImageObject|ListItem|Person|Place|PostalAddress|Question|WebPage|WebSite,0.77
https://www.bariatriccounselingcenter.com/food-addiction-treatment-in-san-antonio-tx/,200,,True,Food Addiction Treatment San Antonio | Real Help For Overeaters,63,185,1,2176,False,https://www.bariatriccounselingcenter.com/food-addiction-treatment-in-san-antonio-tx/,0,36,Answer|BreadcrumbList|FAQPage|ImageObject|ListItem|Offer|Place|PostalAddress|Question|Service|WebPage|WebSite,0.77
https://www.bariatriccounselingcenter.com/compulsive-overeating-counseling-san-antonio-tx/,200,,True,Compulsive Overeating & Food Addiction Counseling In San Antonio | BCC,70,173,1,1451,False,https://www.bariatriccounselingcenter.com/compulsive-overeating-counseling-san-antonio-tx/,0,39,Article|BreadcrumbList|ImageObject|ListItem|Person|Place|PostalAddress|WebPage|WebSite,0.73
https://www.bariatriccounselingcenter.com/binge-eating-disorder-treatment-san-antonio/,200,,True,Binge Eating Disorder Treatment In San Antonio | Bariatric Counseling Center | Specialized Weight Loss Support,110,162,1,3303,False,https://www.bariatriccounselingcenter.com/binge-eating-disorder-treatment-san-antonio/,0,36,Answer|Article|BreadcrumbList|FAQPage|ImageObject|ListItem|Person|Place|PostalAddress|Question|WebPage|WebSite,0.76
https://www.bariatriccounselingcenter.com/night-eating-syndrome-treatment-in-san-antonio-tx/,200,,True,"If The Hardest Part Of Your Day Is Night, There Is Help | Bariatric Counseling Center | Specialized Weight Loss Support",119,158,1,944,False,https://www.bariatriccounselingcenter.com/night-eating-syndrome-treatment-in-san-antonio-tx/,0,34,Article|BreadcrumbList|ImageObject|ListItem|Person|Place|PostalAddress|WebPage|WebSite,0.77
https://www.bariatriccounselingcenter.com/food-addiction-treatment-in-texas/,200,,True,"Food Addiction Treatment In Texas: Real Help For Overeaters, Wherever You Live | Bariatric Counseling Center | Specialized Weight Loss Support",142,156,1,1251,False,https://www.bariatriccounselingcenter.com/food-addiction-treatment-in-texas/,0,36,Answer|Article|BreadcrumbList|FAQPage|ImageObject|ListItem|Person|Place|PostalAddress|Question|WebPage|WebSite,0.34
https://www.bariatriccounselingcenter.com/registered-dietitian-in-san-antonio-tx/,200,,True,"Registered Dietitian In San Antonio, TX | BCC",45,156,1,1176,False,https://www.bariatriccounselingcenter.com/registered-dietitian-in-san-antonio-tx/,0,36,Answer|BreadcrumbList|FAQPage|ImageObject|ListItem|Offer|Place|PostalAddress|Question|Service|WebPage|WebSite,0.82
https://www.bariatriccounselingcenter.com/bariatric-surgery-psychological-evaluation-in-san-antonio-tx/,200,,True,Bariatric Psychological Evaluation | San Antonio + TX Telehealth,64,145,1,1247,False,https://www.bariatriccounselingcenter.com/bariatric-surgery-psychological-evaluation-in-san-antonio-tx/,0,34,Answer|Article|BreadcrumbList|FAQPage|ImageObject|ListItem|Person|Place|PostalAddress|Question|WebPage|WebSite,0.36
https://www.bariatriccounselingcenter.com/virtual-emotional-eating-therapy-in-texas/,200,,True,Virtual Emotional Eating Therapy In Texas | Bariatric Counseling Center,71,147,1,888,False,https://www.bariatriccounselingcenter.com/virtual-emotional-eating-therapy-in-texas/,0,34,Answer|Article|BreadcrumbList|FAQPage|ImageObject|ListItem|Person|Place|PostalAddress|Question|WebPage|WebSite,0.7
https://www.bariatriccounselingcenter.com/holistic-weight-loss-counseling-in-san-antonio-tx/,200,,True,"Holistic Weight Loss Counseling In San Antonio, TX | Bariatric Counseling Center | Specialized Weight Loss Support",114,157,1,893,False,https://www.bariatriccounselingcenter.com/holistic-weight-loss-counseling-in-san-antonio-tx/,0,35,Answer|Article|BreadcrumbList|FAQPage|ImageObject|ListItem|Person|Place|PostalAddress|Question|WebPage|WebSite,0.69
https://www.bariatriccounselingcenter.com/bariatric-therapist-in-san-antonio-tx/,200,,True,"Bariatric Therapist In San Antonio, TX | Bariatric Counseling Center | Specialized Weight Loss Support",102,154,1,1243,False,https://www.bariatriccounselingcenter.com/bariatric-therapist-in-san-antonio-tx/,0,38,Answer|Article|BreadcrumbList|FAQPage|ImageObject|ListItem|Person|Place|PostalAddress|Question|WebPage|WebSite,0.75
https://www.bariatriccounselingcenter.com/holistic-approach-to-weight-loss/,200,,True,Holistic Weight Loss Program | Mind-Body Approach At BCC,56,178,1,968,False,https://www.bariatriccounselingcenter.com/holistic-approach-to-weight-loss/,0,34,Answer|Article|BreadcrumbList|FAQPage|ImageObject|ListItem|Person|Place|PostalAddress|Question|WebPage|WebSite,0.72
https://www.bariatriccounselingcenter.com/what-is-a-bariatric-therapist/,200,,True,What Is A Bariatric Therapist? | BCC San Antonio,48,152,1,1338,False,https://www.bariatriccounselingcenter.com/what-is-a-bariatric-therapist/,0,37,Answer|Article|BreadcrumbList|FAQPage|ImageObject|ListItem|Person|Place|PostalAddress|Question|WebPage|WebSite,0.71
https://www.bariatriccounselingcenter.com/bariatric-therapist-near-me/,200,,True,Bariatric Therapist Near Me | San Antonio & Texas Telehealth,60,183,1,933,False,https://www.bariatriccounselingcenter.com/bariatric-therapist-near-me/,0,36,Answer|Article|BreadcrumbList|FAQPage|ImageObject|ListItem|Person|Place|PostalAddress|Question|WebPage|WebSite,0.32
https://www.bariatriccounselingcenter.com/ourprogram/coordinate-with-medical-providers/,200,,True,Coordinated Care For Eating Disorders | Bariatric Counseling,60,157,1,878,False,https://www.bariatriccounselingcenter.com/ourprogram/coordinate-with-medical-providers/,0,42,Article|BreadcrumbList|ImageObject|ListItem|Person|Place|PostalAddress|WebPage|WebSite,0.82
https://www.bariatriccounselingcenter.com/understanding-weight-loss-medications-wegovy-ozempic-zepbound-and-mounjaro/,200,,True,Wegovy Vs Ozempic Vs Zepbound Vs Mounjaro Compared,50,152,1,1373,False,https://www.bariatriccounselingcenter.com/understanding-weight-loss-medications-wegovy-ozempic-zepbound-and-mounjaro/,0,37,Answer|Article|BreadcrumbList|FAQPage|ImageObject|ListItem|Person|Place|PostalAddress|Question|WebPage|WebSite,0.37
https://www.bariatriccounselingcenter.com/about/,200,,True,About The Bariatric Counseling Center | San Antonio TX,54,151,1,2903,False,https://www.bariatriccounselingcenter.com/about/,2,47,AboutPage|AdministrativeArea|BreadcrumbList|ImageObject|ListItem|MedicalClinic|MedicalOrganization|OpeningHoursSpecification|Person|Place|PostalAddress|WebSite,0.39
https://www.bariatriccounselingcenter.com/weight-management-therapist-in-san-antonio-tx/,200,,True,"Weight Management Therapist In San Antonio, TX | BCC",52,151,1,1795,False,https://www.bariatriccounselingcenter.com/weight-management-therapist-in-san-antonio-tx/,0,36,Answer|BreadcrumbList|FAQPage|ImageObject|ListItem|Offer|Place|PostalAddress|Question|Service|WebPage|WebSite,0.72
https://www.bariatriccounselingcenter.com/weight-management-program-in-san-antonio-tx/,200,,True,"Weight Management Program In San Antonio, TX | BCC",50,146,1,1180,False,https://www.bariatriccounselingcenter.com/weight-management-program-in-san-antonio-tx/,0,36,Answer|BreadcrumbList|FAQPage|ImageObject|ListItem|Offer|Place|PostalAddress|Question|Service|WebPage|WebSite,0.7
https://www.bariatriccounselingcenter.com/overeating-treatment-in-san-antonio-tx/,200,,True,"Treatment For Overeating In San Antonio, TX | Bariatric Counseling Center | Specialized Weight Loss Support",107,155,1,1298,False,https://www.bariatriccounselingcenter.com/overeating-treatment-in-san-antonio-tx/,0,39,Answer|Article|BreadcrumbList|FAQPage|ImageObject|ListItem|Person|Place|PostalAddress|Question|WebPage|WebSite,0.69
https://www.bariatriccounselingcenter.com/online-weight-management-therapy-in-texas/,200,,True,Online Weight Management Therapy In Texas | Bariatric Counseling Center | Specialized Weight Loss Support,105,156,1,675,False,https://www.bariatriccounselingcenter.com/online-weight-management-therapy-in-texas/,0,34,Article|BreadcrumbList|ImageObject|ListItem|Person|Place|PostalAddress|WebPage|WebSite,0.68
https://www.bariatriccounselingcenter.com/ozempic-behavioral-support-in-san-antonio-tx/,200,,True,"Ozempic Behavioral Support In San Antonio, TX | Bariatric Counseling Center",75,148,1,885,False,https://www.bariatriccounselingcenter.com/ozempic-behavioral-support-in-san-antonio-tx/,0,34,Answer|Article|BreadcrumbList|FAQPage|ImageObject|ListItem|Person|Place|PostalAddress|Question|WebPage|WebSite,0.71
https://www.bariatriccounselingcenter.com/weight-management-counseling-in-san-antonio-tx/,200,,True,"Weight Management Counseling In San Antonio, TX | Bariatric Counseling Center",77,153,1,882,False,https://www.bariatriccounselingcenter.com/weight-management-counseling-in-san-antonio-tx/,0,34,Answer|Article|BreadcrumbList|FAQPage|ImageObject|ListItem|Person|Place|PostalAddress|Question|WebPage|WebSite,0.71
https://www.bariatriccounselingcenter.com/body-confidence-counseling-in-san-antonio-tx/,200,,True,"Body Confidence Counseling In San Antonio, TX | Bariatric Counseling Center | Specialized Weight Loss Support",109,152,1,878,False,https://www.bariatriccounselingcenter.com/body-confidence-counseling-in-san-antonio-tx/,0,34,Answer|Article|BreadcrumbList|FAQPage|ImageObject|ListItem|Person|Place|PostalAddress|Question|WebPage|WebSite,0.73
https://www.bariatriccounselingcenter.com/weight-loss-programs-in-san-antonio-tx/,200,,True,"Weight Loss Programs In San Antonio, TX | Bariatric Counseling Center | Specialized Weight Loss Support",103,158,1,937,False,https://www.bariatriccounselingcenter.com/weight-loss-programs-in-san-antonio-tx/,0,34,Answer|Article|BreadcrumbList|FAQPage|ImageObject|ListItem|Person|Place|PostalAddress|Question|WebPage|WebSite,0.68
https://www.bariatriccounselingcenter.com/mind-body-approach-to-weight-loss-in-san-antonio-tx/,200,,True,"Mind-Body Approach To Weight Loss In San Antonio, TX | Bariatric Counseling Center | Specialized Weight Loss Support",116,157,1,950,False,https://www.bariatriccounselingcenter.com/mind-body-approach-to-weight-loss-in-san-antonio-tx/,0,34,Answer|Article|BreadcrumbList|FAQPage|ImageObject|ListItem|Person|Place|PostalAddress|Question|WebPage|WebSite,0.67
https://www.bariatriccounselingcenter.com/glp-1-behavioral-support-in-san-antonio-tx/,200,,True,"Behavioral Support For GLP-1 Medications In San Antonio, TX | Bariatric Counseling Center | Specialized Weight Loss Support",123,157,1,934,False,https://www.bariatriccounselingcenter.com/glp-1-behavioral-support-in-san-antonio-tx/,0,34,Answer|Article|BreadcrumbList|FAQPage|ImageObject|ListItem|Person|Place|PostalAddress|Question|WebPage|WebSite,0.35
https://www.bariatriccounselingcenter.com/weight-loss-therapist/,200,,True,Weight Loss Therapist | Bariatric Counseling Center | Specialized Weight Loss Support,85,156,1,996,False,https://www.bariatriccounselingcenter.com/weight-loss-therapist/,0,34,Answer|Article|BreadcrumbList|FAQPage|ImageObject|ListItem|Person|Place|PostalAddress|Question|WebPage|WebSite,0.33
https://www.bariatriccounselingcenter.com/tirzepatide-behavioral-support-in-san-antonio-tx/,200,,True,"Tirzepatide Behavioral Support In San Antonio, TX | BCC | Bariatric Counseling Center | Specialized Weight Loss Support",119,158,1,1164,False,https://www.bariatriccounselingcenter.com/tirzepatide-behavioral-support-in-san-antonio-tx/,0,34,Answer|Article|BreadcrumbList|FAQPage|ImageObject|ListItem|Person|Place|PostalAddress|Question|WebPage|WebSite,0.75
https://www.bariatriccounselingcenter.com/mounjaro-zepbound-behavioral-support-in-san-antonio-tx/,200,,True,On Mounjaro Or Zepbound? The Behavioral Side Is What Makes It Stick | Bariatric Counseling Center | Specialized Weight Loss Support,131,158,1,947,False,https://www.bariatriccounselingcenter.com/mounjaro-zepbound-behavioral-support-in-san-antonio-tx/,0,34,Article|BreadcrumbList|ImageObject|ListItem|Person|Place|PostalAddress|WebPage|WebSite,0.73
https://www.bariatriccounselingcenter.com/glp-1-weight-regain-counseling-in-san-antonio-tx/,200,,True,"Coming Off A GLP-1, Or Afraid To? Protect The Progress You Made | Bariatric Counseling Center | Specialized Weight Loss Support",127,148,1,935,False,https://www.bariatriccounselingcenter.com/glp-1-weight-regain-counseling-in-san-antonio-tx/,0,34,Article|BreadcrumbList|ImageObject|ListItem|Person|Place|PostalAddress|WebPage|WebSite,0.37
https://www.bariatriccounselingcenter.com/weight-loss-counseling-or-therapy/,200,,True,Weight Loss Counseling Vs Therapy: What's The Difference? | Bariatric Counseling Center,87,167,1,1157,False,https://www.bariatriccounselingcenter.com/weight-loss-counseling-or-therapy/,0,36,Answer|Article|BreadcrumbList|FAQPage|ImageObject|ListItem|Person|Place|PostalAddress|Question|WebPage|WebSite,0.7
https://www.bariatriccounselingcenter.com/what-is-a-weight-loss-counselor/,200,,True,What Is A Weight Loss Counselor? | Bariatric Counseling Center,62,180,1,1003,False,https://www.bariatriccounselingcenter.com/what-is-a-weight-loss-counselor/,0,34,Answer|Article|BreadcrumbList|FAQPage|ImageObject|ListItem|Person|Place|PostalAddress|Question|WebPage|WebSite,0.85
https://www.bariatriccounselingcenter.com/weight-loss-therapy-in-san-antonio-tx/,200,,True,Weight Loss Therapy In San Antonio: Behavioral Counseling,57,142,1,1157,False,https://www.bariatriccounselingcenter.com/weight-loss-therapy-in-san-antonio-tx/,0,37,Answer|Article|BreadcrumbList|FAQPage|ImageObject|ListItem|Person|Place|PostalAddress|Question|WebPage|WebSite,0.71
https://www.bariatriccounselingcenter.com/binge-eating-treatment-in-san-antonio-tx/,200,,True,Binge Eating Disorder Treatment San Antonio | Accredited Program,64,160,1,1258,False,https://www.bariatriccounselingcenter.com/binge-eating-treatment-in-san-antonio-tx/,0,36,Answer|Article|BreadcrumbList|FAQPage|ImageObject|ListItem|Person|Place|PostalAddress|Question|WebPage|WebSite,0.69
https://www.bariatriccounselingcenter.com/semaglutide-behavioral-support-in-san-antonio-tx/,200,,True,"Semaglutide Behavioral Support In San Antonio, TX | Bariatric Counseling Center | Specialized Weight Loss Support",113,153,1,847,False,https://www.bariatriccounselingcenter.com/semaglutide-behavioral-support-in-san-antonio-tx/,0,34,Answer|Article|BreadcrumbList|FAQPage|ImageObject|ListItem|Person|Place|PostalAddress|Question|WebPage|WebSite,0.83
https://www.bariatriccounselingcenter.com/understanding-anxiety-and-depression-related-to-weight/,200,,True,Depression And Weight: How They Affect Each Other | BCC,55,168,1,1376,False,https://www.bariatriccounselingcenter.com/understanding-anxiety-and-depression-related-to-weight/,0,36,Answer|Article|BreadcrumbList|FAQPage|ImageObject|ListItem|Person|Place|PostalAddress|Question|WebPage|WebSite,0.44
https://www.bariatriccounselingcenter.com/online-therapy-for-emotional-eating-in-mcallen-tx/,200,,True,"Online Therapy For Emotional Eating In McAllen, TX | Bariatric Counseling Center | Specialized Weight Loss Support",114,157,1,867,False,https://www.bariatriccounselingcenter.com/online-therapy-for-emotional-eating-in-mcallen-tx/,0,34,Answer|Article|BreadcrumbList|FAQPage|ImageObject|ListItem|Person|Place|PostalAddress|Question|WebPage|WebSite,0.69
https://www.bariatriccounselingcenter.com/dietitian-vs-nutritionist-for-weight-loss-whats-the-difference/,200,,True,Dietitian Vs Nutritionist For Weight Loss: What’s The Difference? | Bariatric Counseling Center | Specialized Weight Loss Support,129,156,1,1073,False,https://www.bariatriccounselingcenter.com/dietitian-vs-nutritionist-for-weight-loss-whats-the-difference/,0,34,Answer|Article|BreadcrumbList|FAQPage|ImageObject|ListItem|Person|Place|PostalAddress|Question|WebPage|WebSite,0.73
https://www.bariatriccounselingcenter.com/binge-eating-therapy-in-mcallen-tx/,200,,True,"Binge Eating Therapy In McAllen, TX | Bariatric Counseling Center | Specialized Weight Loss Support",99,151,1,884,False,https://www.bariatriccounselingcenter.com/binge-eating-therapy-in-mcallen-tx/,0,34,Answer|Article|BreadcrumbList|FAQPage|ImageObject|ListItem|Person|Place|PostalAddress|Question|WebPage|WebSite,0.71
https://www.bariatriccounselingcenter.com/intuitive-eating-support-in-mcallen-tx/,200,,True,"Intuitive Eating Support In McAllen, TX | Bariatric Counseling Center",69,153,1,553,False,https://www.bariatriccounselingcenter.com/intuitive-eating-support-in-mcallen-tx/,0,34,Article|BreadcrumbList|ImageObject|ListItem|Person|Place|PostalAddress|WebPage|WebSite,1.02
https://www.bariatriccounselingcenter.com/therapy-for-depression-and-weight-loss/,200,,True,Therapy For Depression And Weight Loss | BCC Texas,50,178,1,1248,False,https://www.bariatriccounselingcenter.com/therapy-for-depression-and-weight-loss/,0,34,Answer|Article|BreadcrumbList|FAQPage|ImageObject|ListItem|Person|Place|PostalAddress|Question|WebPage|WebSite,0.31
https://www.bariatriccounselingcenter.com/sara-hamilton-psyd/,200,,True,"Dr. Sara Hamilton, PsyD | Director Of Clinical Services At BCC",62,214,1,1005,False,https://www.bariatriccounselingcenter.com/sara-hamilton-psyd/,0,42,Answer|Article|BreadcrumbList|FAQPage|ImageObject|ListItem|Person|Place|PostalAddress|Question|WebPage|WebSite,1.27
https://www.bariatriccounselingcenter.com/undergoing-or-having-undergone-bariatric-surgery-a-comprehensive-guide-to-psychological-support-and-success/,200,,True,Bariatric Surgery Mental Health Support In San Antonio,54,145,1,1648,False,https://www.bariatriccounselingcenter.com/undergoing-or-having-undergone-bariatric-surgery-a-comprehensive-guide-to-psychological-support-and-success/,0,36,Article|BreadcrumbList|ImageObject|ListItem|Person|Place|PostalAddress|WebPage|WebSite,1.06
https://www.bariatriccounselingcenter.com/causes/,200,,True,Causes | Bariatric Counseling Center | Specialized Weight Loss Support,70,116,0,361,False,https://www.bariatriccounselingcenter.com/causes/,0,34,Article|BreadcrumbList|ImageObject|ListItem|Person|Place|PostalAddress|WebPage|WebSite,1.37
https://www.bariatriccounselingcenter.com/contact/,200,,True,Contact The Bariatric Counseling Center | San Antonio Texas,59,135,0,473,False,https://www.bariatriccounselingcenter.com/contact/,0,33,BreadcrumbList|ContactPage|ImageObject|ListItem|Place|PostalAddress|WebSite,0.35
https://www.bariatriccounselingcenter.com/recipes/,200,,True,Healthy Recipes For Eating Recovery | BCC Texas,47,145,1,443,False,https://www.bariatriccounselingcenter.com/recipes/,0,44,Article|BreadcrumbList|ImageObject|ListItem|Person|Place|PostalAddress|VideoObject|WebPage|WebSite,2.77
https://www.bariatriccounselingcenter.com/program-schedule/,200,,True,Weight Loss Program Schedule | Bariatric Counseling Center,58,93,1,306,False,https://www.bariatriccounselingcenter.com/program-schedule/,0,36,Article|BreadcrumbList|ImageObject|ListItem|Person|Place|PostalAddress|WebPage|WebSite,2.1
https://www.bariatriccounselingcenter.com/in-the-media/,200,,True,In The Media | Bariatric Counseling Center | Specialized Weight Loss Support,76,23,1,379,False,https://www.bariatriccounselingcenter.com/in-the-media/,0,33,Article|BreadcrumbList|ImageObject|ListItem|Person|Place|PostalAddress|WebPage|WebSite,2.05
https://www.bariatriccounselingcenter.com/staff-videos/,200,,True,Staff Videos | Bariatric Counseling Center | Specialized Weight Loss Support,76,39,1,461,False,https://www.bariatriccounselingcenter.com/staff-videos/,0,33,Article|BreadcrumbList|ImageObject|ListItem|Person|Place|PostalAddress|WebPage|WebSite,2.13
https://www.bariatriccounselingcenter.com/feel-more-in-control-around-food-youre-not-alone-we-offer-support-that-works/,200,,True,Stop The Cycle Of Binge Eating | Support That Works,51,134,1,941,False,https://www.bariatriccounselingcenter.com/feel-more-in-control-around-food-youre-not-alone-we-offer-support-that-works/,0,4,Article|BreadcrumbList|ImageObject|ListItem|Person|Place|PostalAddress|WebPage|WebSite,0.87
https://www.bariatriccounselingcenter.com/privacy-policy/,200,,True,Privacy Policy | Bariatric Counseling Center | Specialized Weight Loss Support,78,33,1,707,False,https://www.bariatriccounselingcenter.com/privacy-policy/,0,33,Article|BreadcrumbList|ImageObject|ListItem|Person|Place|PostalAddress|WebPage|WebSite,0.87
https://www.bariatriccounselingcenter.com/interviews/,200,,True,Interviews | Bariatric Counseling Center | Specialized Weight Loss Support,74,223,1,436,False,https://www.bariatriccounselingcenter.com/interviews/,0,40,Article|BreadcrumbList|ImageObject|ListItem|Person|Place|PostalAddress|VideoObject|WebPage|WebSite,0.36
https://www.bariatriccounselingcenter.com/ourprogram/meet-with-licensed-therapists/,200,,True,Meet With Licensed Therapists For Eating Disorders | BCC,56,160,1,1087,False,https://www.bariatriccounselingcenter.com/ourprogram/meet-with-licensed-therapists/,0,39,Article|BreadcrumbList|ImageObject|ListItem|Person|Place|PostalAddress|WebPage|WebSite,0.38
https://www.bariatriccounselingcenter.com/ourprogram/meet-with-registered-dietitians/,200,,True,Registered Dietitians For Eating Disorders | BCC Texas,54,158,1,1155,False,https://www.bariatriccounselingcenter.com/ourprogram/meet-with-registered-dietitians/,1,41,Article|BreadcrumbList|ImageObject|ListItem|Person|Place|PostalAddress|WebPage|WebSite,0.44
https://www.bariatriccounselingcenter.com/ourprogram/details/,200,,True,"IOP For Binge Eating Disorder, Food Addiction & Wellness",56,153,1,996,False,https://www.bariatriccounselingcenter.com/ourprogram/details/,0,38,Article|BreadcrumbList|ImageObject|ListItem|Person|Place|PostalAddress|WebPage|WebSite,0.41
https://www.bariatriccounselingcenter.com/ourprogram/,200,,True,"IOP Program For Binge Eating, Food Addiction & Overeating",57,159,1,949,False,https://www.bariatriccounselingcenter.com/ourprogram/,0,34,Article|BreadcrumbList|ImageObject|ListItem|Person|Place|PostalAddress|WebPage|WebSite,0.38
https://www.bariatriccounselingcenter.com/faq/,200,,True,FAQ: Bariatric Counseling Center San Antonio,44,151,1,4774,False,https://www.bariatriccounselingcenter.com/faq/,0,34,Answer|Article|BreadcrumbList|FAQPage|ImageObject|ListItem|Person|Place|PostalAddress|Question|WebPage|WebSite,0.34
https://www.bariatriccounselingcenter.com/ourprogram/stay-connected/,200,,True,Stay Connected After Treatment | Ongoing Support BCC,52,159,1,881,False,https://www.bariatriccounselingcenter.com/ourprogram/stay-connected/,0,40,Article|BreadcrumbList|ImageObject|ListItem|Person|Place|PostalAddress|WebPage|WebSite,0.42
https://www.bariatriccounselingcenter.com/ourprogram/bring-a-friend/,200,,True,Support For Binge Eating Recovery | Bring A Friend | BCC,56,157,1,916,False,https://www.bariatriccounselingcenter.com/ourprogram/bring-a-friend/,0,38,Article|BreadcrumbList|ImageObject|ListItem|Person|Place|PostalAddress|WebPage|WebSite,0.83
https://www.bariatriccounselingcenter.com/ourprogram/practice-in-the-community/,200,,True,Real-Life Skills For Eating Recovery | BCC Texas,48,155,1,959,False,https://www.bariatriccounselingcenter.com/ourprogram/practice-in-the-community/,0,39,Article|BreadcrumbList|ImageObject|ListItem|Person|Place|PostalAddress|WebPage|WebSite,0.38
https://www.bariatriccounselingcenter.com/ourprogram/dine-together/,200,,True,Mindful Eating For Food Addiction & Binge Eating | BCC Texas,60,154,1,855,False,https://www.bariatriccounselingcenter.com/ourprogram/dine-together/,0,39,Article|BreadcrumbList|ImageObject|ListItem|Person|Place|PostalAddress|VideoObject|WebPage|WebSite,0.4
https://www.bariatriccounselingcenter.com/ourprogram/learn-to-cook-differently/,200,,True,Cooking Classes For Eating Recovery | BCC Texas,47,158,1,963,False,https://www.bariatriccounselingcenter.com/ourprogram/learn-to-cook-differently/,0,40,Article|BreadcrumbList|ImageObject|ListItem|Person|Place|PostalAddress|VideoObject|WebPage|WebSite,0.83
https://www.bariatriccounselingcenter.com/ourprogram/enjoy-movement/,200,,True,Enjoy Movement Again | BCC For Eating Disorders,47,156,1,931,False,https://www.bariatriccounselingcenter.com/ourprogram/enjoy-movement/,0,39,Article|BreadcrumbList|ImageObject|ListItem|Person|Place|PostalAddress|WebPage|WebSite,0.43
https://www.bariatriccounselingcenter.com/mindful-eating-for-better-health-a-guide/,200,,True,Why Multi-Disciplinary Care Works For Binge Eating,50,136,1,987,False,https://www.bariatriccounselingcenter.com/mindful-eating-for-better-health-a-guide/,0,33,Article|BreadcrumbList|ImageObject|ListItem|Person|Place|PostalAddress|WebPage|WebSite,0.37
https://www.bariatriccounselingcenter.com/mindful-eating-for-better-health-learn-intuitive-eating-with-expert-guidance/,200,,True,Why Multi-Disciplinary Care Works For Binge Eating,50,136,1,991,False,https://www.bariatriccounselingcenter.com/mindful-eating-for-better-health-learn-intuitive-eating-with-expert-guidance/,0,34,Article|BreadcrumbList|ImageObject|ListItem|Person|Place|PostalAddress|WebPage|WebSite,0.73
https://www.bariatriccounselingcenter.com/the-importance-of-multi-disciplinary-care-for-treating-binge-eating-disorder-why-a-team-approach-is-best/,200,,True,Why Multi-Disciplinary Care Works For Binge Eating,50,136,1,2088,False,https://www.bariatriccounselingcenter.com/the-importance-of-multi-disciplinary-care-for-treating-binge-eating-disorder-why-a-team-approach-is-best/,0,34,Article|BreadcrumbList|ImageObject|ListItem|Person|Place|PostalAddress|WebPage|WebSite,0.36
https://www.bariatriccounselingcenter.com/real-behavioral-change-starts-with-the-mind/,200,,True,Behavioral Change For Weight Loss Starts With The Mind,54,131,1,1072,False,https://www.bariatriccounselingcenter.com/real-behavioral-change-starts-with-the-mind/,0,36,Article|BreadcrumbList|ImageObject|ListItem|Person|Place|PostalAddress|WebPage|WebSite,0.35
https://www.bariatriccounselingcenter.com/refer-a-patient/,200,,True,Refer A Patient | Bariatric Counseling Center | Specialized Weight Loss Support,79,49,1,405,False,https://www.bariatriccounselingcenter.com/refer-a-patient/,0,34,Article|BreadcrumbList|ImageObject|ListItem|Person|Place|PostalAddress|WebPage|WebSite,0.38
https://www.bariatriccounselingcenter.com/?kadence_element=author-bios,200,https://www.bariatriccounselingcenter.com/,True,Emotional & Binge Eating Therapy San Antonio TX | BCC,53,150,1,1647,False,https://www.bariatriccounselingcenter.com/,0,44,Answer|FAQPage|ImageObject|Place|PostalAddress|Question|SearchAction|VideoObject|WebPage|WebSite,0.96
https://www.bariatriccounselingcenter.com/?kadence_element=landing-page,200,https://www.bariatriccounselingcenter.com/,True,Emotional & Binge Eating Therapy San Antonio TX | BCC,53,150,1,1647,False,https://www.bariatriccounselingcenter.com/,0,44,Answer|FAQPage|ImageObject|Place|PostalAddress|Question|SearchAction|VideoObject|WebPage|WebSite,0.94
https://www.bariatriccounselingcenter.com/?kadence_element=search-atlas-2-2,200,https://www.bariatriccounselingcenter.com/,True,Emotional & Binge Eating Therapy San Antonio TX | BCC,53,150,1,1647,False,https://www.bariatriccounselingcenter.com/,0,44,Answer|FAQPage|ImageObject|Place|PostalAddress|Question|SearchAction|VideoObject|WebPage|WebSite,0.89
https://www.bariatriccounselingcenter.com/?kadence_element=ahrefs,200,https://www.bariatriccounselingcenter.com/,True,Emotional & Binge Eating Therapy San Antonio TX | BCC,53,150,1,1647,False,https://www.bariatriccounselingcenter.com/,0,44,Answer|FAQPage|ImageObject|Place|PostalAddress|Question|SearchAction|VideoObject|WebPage|WebSite,0.84
https://www.bariatriccounselingcenter.com/?kadence_element=clickrank,200,https://www.bariatriccounselingcenter.com/,True,Emotional & Binge Eating Therapy San Antonio TX | BCC,53,150,1,1647,False,https://www.bariatriccounselingcenter.com/,0,44,Answer|FAQPage|ImageObject|Place|PostalAddress|Question|SearchAction|VideoObject|WebPage|WebSite,0.76
https://www.bariatriccounselingcenter.com/category/diet-and-nutrition/,200,,True,Diet And Nutrition | Bariatric Counseling Center | Specialized Weight Loss Support,82,0,1,801,False,https://www.bariatriccounselingcenter.com/category/diet-and-nutrition/,0,58,BreadcrumbList|CollectionPage|ImageObject|ListItem|LocalBusiness|Place|PostalAddress|WebSite,0.33
https://www.bariatriccounselingcenter.com/category/diet-and-nutrition/gut-health/,200,,True,Gut Health | Bariatric Counseling Center | Specialized Weight Loss Support,74,0,1,394,False,https://www.bariatriccounselingcenter.com/category/diet-and-nutrition/gut-health/,0,41,BreadcrumbList|CollectionPage|ImageObject|ListItem|LocalBusiness|Place|PostalAddress|WebSite,0.76
https://www.bariatriccounselingcenter.com/category/diet-and-nutrition/supplements-and-wellness/,200,,True,Supplements And Wellness | Bariatric Counseling Center | Specialized Weight Loss Support,88,0,1,349,False,https://www.bariatriccounselingcenter.com/category/diet-and-nutrition/supplements-and-wellness/,0,39,BreadcrumbList|CollectionPage|ImageObject|ListItem|LocalBusiness|Place|PostalAddress|WebSite,0.76
https://www.bariatriccounselingcenter.com/category/diet-and-nutrition/healthy-living/,200,,True,Healthy Living | Bariatric Counseling Center | Specialized Weight Loss Support,78,0,1,628,False,https://www.bariatriccounselingcenter.com/category/diet-and-nutrition/healthy-living/,0,50,BreadcrumbList|CollectionPage|ImageObject|ListItem|LocalBusiness|Place|PostalAddress|WebSite,0.33
https://www.bariatriccounselingcenter.com/category/self-improvement/,200,,True,Self-Improvement | Bariatric Counseling Center | Specialized Weight Loss Support,80,0,1,860,False,https://www.bariatriccounselingcenter.com/category/self-improvement/,0,57,BreadcrumbList|CollectionPage|ImageObject|ListItem|LocalBusiness|Place|PostalAddress|WebSite,0.36
https://www.bariatriccounselingcenter.com/category/self-improvement/mental-health/,200,,True,Mental Health | Bariatric Counseling Center | Specialized Weight Loss Support,77,0,1,898,False,https://www.bariatriccounselingcenter.com/category/self-improvement/mental-health/,0,56,BreadcrumbList|CollectionPage|ImageObject|ListItem|LocalBusiness|Place|PostalAddress|WebSite,0.36
https://www.bariatriccounselingcenter.com/category/self-improvement/behavioral-patterns/,200,,True,Behavioral Patterns | Bariatric Counseling Center | Specialized Weight Loss Support,83,0,1,885,False,https://www.bariatriccounselingcenter.com/category/self-improvement/behavioral-patterns/,0,59,BreadcrumbList|CollectionPage|ImageObject|ListItem|LocalBusiness|Place|PostalAddress|WebSite,0.39
https://www.bariatriccounselingcenter.com/category/weight-loss-journey/,200,,True,Weight Loss Journey | Bariatric Counseling Center | Specialized Weight Loss Support,83,0,1,462,False,https://www.bariatriccounselingcenter.com/category/weight-loss-journey/,0,42,BreadcrumbList|CollectionPage|ImageObject|ListItem|LocalBusiness|Place|PostalAddress|WebSite,0.72
https://www.bariatriccounselingcenter.com/category/self-improvement/weight-loss-journey-self-improvement/,200,,True,Weight Loss Journey | Bariatric Counseling Center | Specialized Weight Loss Support,83,0,1,849,False,https://www.bariatriccounselingcenter.com/category/self-improvement/weight-loss-journey-self-improvement/,0,56,BreadcrumbList|CollectionPage|ImageObject|ListItem|LocalBusiness|Place|PostalAddress|WebSite,0.4
https://www.bariatriccounselingcenter.com/category/self-improvement/motivation/,200,,True,Motivation | Bariatric Counseling Center | Specialized Weight Loss Support,74,0,1,313,False,https://www.bariatriccounselingcenter.com/category/self-improvement/motivation/,0,37,BreadcrumbList|CollectionPage|ImageObject|ListItem|LocalBusiness|Place|PostalAddress|WebSite,0.71
https://www.bariatriccounselingcenter.com/category/eating-disorders/,200,,True,Eating Disorders | Bariatric Counseling Center | Specialized Weight Loss Support,80,0,1,908,False,https://www.bariatriccounselingcenter.com/category/eating-disorders/,0,59,BreadcrumbList|CollectionPage|ImageObject|ListItem|LocalBusiness|Place|PostalAddress|WebSite,0.36
https://www.bariatriccounselingcenter.com/category/weight-loss-counseling/,200,,True,Weight Loss Counseling | Bariatric Counseling Center | Specialized Weight Loss Support,86,0,1,584,False,https://www.bariatriccounselingcenter.com/category/weight-loss-counseling/,0,47,BreadcrumbList|CollectionPage|ImageObject|ListItem|LocalBusiness|Place|PostalAddress|WebSite,0.74
https://www.bariatriccounselingcenter.com/category/healthy-living-2/,200,,True,Healthy Living | Bariatric Counseling Center | Specialized Weight Loss Support,78,0,1,555,False,https://www.bariatriccounselingcenter.com/category/healthy-living-2/,0,47,BreadcrumbList|CollectionPage|ImageObject|ListItem|LocalBusiness|Place|PostalAddress|WebSite,0.85
https://www.bariatriccounselingcenter.com/category/staff/,200,,True,Staff | Bariatric Counseling Center | Specialized Weight Loss Support,69,0,1,478,False,https://www.bariatriccounselingcenter.com/category/staff/,0,44,BreadcrumbList|CollectionPage|ImageObject|ListItem|LocalBusiness|Place|PostalAddress|WebSite,0.74
https://www.bariatriccounselingcenter.com/category/stress-management/,200,,True,Stress Management | Bariatric Counseling Center | Specialized Weight Loss Support,81,0,1,404,False,https://www.bariatriccounselingcenter.com/category/stress-management/,0,41,BreadcrumbList|CollectionPage|ImageObject|ListItem|LocalBusiness|Place|PostalAddress|WebSite,0.8
https://www.bariatriccounselingcenter.com/category/eating-disorders/binge-eating/,200,,True,Binge Eating | Bariatric Counseling Center | Specialized Weight Loss Support,76,0,1,454,False,https://www.bariatriccounselingcenter.com/category/eating-disorders/binge-eating/,0,41,BreadcrumbList|CollectionPage|ImageObject|ListItem|LocalBusiness|Place|PostalAddress|WebSite,0.72
https://www.bariatriccounselingcenter.com/category/emotional-eating/,200,,True,Emotional Eating | Bariatric Counseling Center | Specialized Weight Loss Support,80,0,1,555,False,https://www.bariatriccounselingcenter.com/category/emotional-eating/,0,48,BreadcrumbList|CollectionPage|ImageObject|ListItem|LocalBusiness|Place|PostalAddress|WebSite,0.38
https://www.bariatriccounselingcenter.com/author/tmccord845/,200,,True,Todd McCord | Bariatric Counseling Center | Specialized Weight Loss Support,75,0,1,511,False,https://www.bariatriccounselingcenter.com/author/tmccord845/,1,36,BreadcrumbList|ImageObject|ListItem|LocalBusiness|Person|Place|PostalAddress|ProfilePage|WebSite,0.4
https://www.bariatriccounselingcenter.com/author/austintude/,200,,True,Daniel Bisett | Bariatric Counseling Center | Specialized Weight Loss Support,77,0,1,276,False,https://www.bariatriccounselingcenter.com/author/austintude/,0,34,BreadcrumbList|ImageObject|ListItem|LocalBusiness|Person|Place|PostalAddress|ProfilePage|WebSite,0.85
https://www.bariatriccounselingcenter.com/author/bccteam/,200,,True,BCC Staff | Bariatric Counseling Center | Specialized Weight Loss Support,73,0,1,683,False,https://www.bariatriccounselingcenter.com/author/bccteam/,0,50,BreadcrumbList|ImageObject|ListItem|LocalBusiness|Person|Place|PostalAddress|ProfilePage|WebSite,1.43
https://www.bariatriccounselingcenter.com/author/aaron/,200,,True,Aaron Beltran LPC-A | Bariatric Counseling Center | Specialized Weight Loss Support,83,0,1,672,False,https://www.bariatriccounselingcenter.com/author/aaron/,1,41,BreadcrumbList|ImageObject|ListItem|LocalBusiness|Person|Place|PostalAddress|ProfilePage|WebSite,1.27
https://www.bariatriccounselingcenter.com/author/lartzberger/,200,,True,"Laura Artzberger, LPC | Bariatric Counseling Center | Specialized Weight Loss Support",85,0,1,627,False,https://www.bariatriccounselingcenter.com/author/lartzberger/,1,37,BreadcrumbList|ImageObject|ListItem|LocalBusiness|Person|Place|PostalAddress|ProfilePage|WebSite,1.16
https://www.bariatriccounselingcenter.com/author/shamilton/,200,,True,"Sara Hamilton, PsyD | Bariatric Counseling Center | Specialized Weight Loss Support",83,256,1,1091,False,https://www.bariatriccounselingcenter.com/author/shamilton/,1,57,BreadcrumbList|ImageObject|ListItem|LocalBusiness|Person|Place|PostalAddress|ProfilePage|WebSite,0.7
https://www.bariatriccounselingcenter.com/author/chasley-fortunw-pttman/,200,,True,"Chasley Fortune-Pittman, MDS, RD, LD | Bariatric Counseling Center | Specialized Weight Loss Support",100,0,1,587,False,https://www.bariatriccounselingcenter.com/author/chasley-fortunw-pttman/,1,41,BreadcrumbList|ImageObject|ListItem|LocalBusiness|Person|Place|PostalAddress|ProfilePage|WebSite,0.67
https://www.bariatriccounselingcenter.com/author/alisa/,200,,True,Alisa Travis | Bariatric Counseling Center | Specialized Weight Loss Support,76,0,1,340,False,https://www.bariatriccounselingcenter.com/author/alisa/,0,38,BreadcrumbList|ImageObject|ListItem|LocalBusiness|Person|Place|PostalAddress|ProfilePage|WebSite,1.77
https://www.bariatriccounselingcenter.com/author/emilyb/,200,,True,"Emily Beissner, LPC-A | Bariatric Counseling Center | Specialized Weight Loss Support",85,0,1,386,False,https://www.bariatriccounselingcenter.com/author/emilyb/,0,40,BreadcrumbList|ImageObject|ListItem|LocalBusiness|Person|Place|PostalAddress|ProfilePage|WebSite,0.56
https://www.bariatriccounselingcenter.com/author/lapplegate/,200,,True,Lauren Applegate | Bariatric Counseling Center | Specialized Weight Loss Support,80,0,1,318,False,https://www.bariatriccounselingcenter.com/author/lapplegate/,0,37,BreadcrumbList|ImageObject|ListItem|LocalBusiness|Person|Place|PostalAddress|ProfilePage|WebSite,2.11
https://www.bariatriccounselingcenter.com/author/dietitian/,200,,True,"Lacey Gimpel, RD LD | Bariatric Counseling Center | Specialized Weight Loss Support",83,0,1,534,False,https://www.bariatriccounselingcenter.com/author/dietitian/,1,39,BreadcrumbList|ImageObject|ListItem|LocalBusiness|Person|Place|PostalAddress|ProfilePage|WebSite,0.85
https://www.bariatriccounselingcenter.com/author/nalbus481/,200,,True,Nancy Albus | Bariatric Counseling Center | Specialized Weight Loss Support,75,0,1,519,False,https://www.bariatriccounselingcenter.com/author/nalbus481/,1,36,BreadcrumbList|ImageObject|ListItem|LocalBusiness|Person|Place|PostalAddress|ProfilePage|WebSite,1.14
https://www.bariatriccounselingcenter.com/author/sam-martinez/,200,,True,Sam Martinez | Bariatric Counseling Center | Specialized Weight Loss Support,76,0,1,303,False,https://www.bariatriccounselingcenter.com/author/sam-martinez/,0,36,BreadcrumbList|ImageObject|ListItem|LocalBusiness|Person|Place|PostalAddress|ProfilePage|WebSite,0.84
https://www.bariatriccounselingcenter.com/locations.kml,200,,True,,,,0,,,,,,,0.39
https://bariatriccounselingcenter.com/about,200,https://www.bariatriccounselingcenter.com/about/,False,About The Bariatric Counseling Center | San Antonio TX,54,151,1,2903,False,https://www.bariatriccounselingcenter.com/about/,2,47,AboutPage|AdministrativeArea|BreadcrumbList|ImageObject|ListItem|MedicalClinic|MedicalOrganization|OpeningHoursSpecification|Person|Place|PostalAddress|WebSite,1.37
https://bariatriccounselingcenter.com/testimonials,200,https://www.bariatriccounselingcenter.com/testimonials/,False,Real Client Testimonials | Bariatric Counseling Center,54,120,1,1233,False,https://www.bariatriccounselingcenter.com/testimonials/,0,33,Article|BreadcrumbList|ImageObject|ListItem|Person|Place|PostalAddress|VideoObject|WebPage|WebSite,0.97
https://bariatriccounselingcenter.com/interviews,200,https://www.bariatriccounselingcenter.com/interviews/,False,Interviews | Bariatric Counseling Center | Specialized Weight Loss Support,74,223,1,436,False,https://www.bariatriccounselingcenter.com/interviews/,0,40,Article|BreadcrumbList|ImageObject|ListItem|Person|Place|PostalAddress|VideoObject|WebPage|WebSite,0.97
https://www.bariatriccounselingcenter.com/author/sara-broussard/,200,,False,"Sara Broussard Garcia R-DMT, LPC | Bariatric Counseling Center | Specialized Weight Loss Support",96,0,1,781,False,https://www.bariatriccounselingcenter.com/author/sara-broussard/,1,44,BreadcrumbList|ImageObject|ListItem|LocalBusiness|Person|Place|PostalAddress|ProfilePage|WebSite,0.4
https://www.bariatriccounselingcenter.com/blog/page/2/,200,,False,Blog | Bariatric Counseling Center | Specialized Weight Loss Support,68,0,1,960,False,https://www.bariatriccounselingcenter.com/blog/page/2/,0,63,BreadcrumbList|CollectionPage|ImageObject|ListItem|LocalBusiness|Place|PostalAddress|WebSite,0.73
https://www.bariatriccounselingcenter.com/blog/page/3/,200,,False,Blog | Bariatric Counseling Center | Specialized Weight Loss Support,68,0,1,893,False,https://www.bariatriccounselingcenter.com/blog/page/3/,0,63,BreadcrumbList|CollectionPage|ImageObject|ListItem|LocalBusiness|Place|PostalAddress|WebSite,0.85
https://www.bariatriccounselingcenter.com/blog/page/6/,200,,False,Blog | Bariatric Counseling Center | Specialized Weight Loss Support,68,0,1,286,False,https://www.bariatriccounselingcenter.com/blog/page/6/,0,39,BreadcrumbList|CollectionPage|ImageObject|ListItem|LocalBusiness|Place|PostalAddress|WebSite,2.39
https://www.bariatriccounselingcenter.com/blog/what-is-emotional-eating/,200,https://www.bariatriccounselingcenter.com/emotional-eating/what-is-emotional-eating/,False,"What Is Emotional Eating? Signs, Causes & Help | BCC",52,156,1,1944,False,https://www.bariatriccounselingcenter.com/emotional-eating/what-is-emotional-eating/,0,63,Answer|BreadcrumbList|FAQPage|ImageObject|ListItem|NewsArticle|Person|Place|PostalAddress|Question|WebPage|WebSite,0.75
https://www.bariatriccounselingcenter.com/ourprogram/meet-with-registered-dieticians/,200,https://www.bariatriccounselingcenter.com/ourprogram/meet-with-registered-dietitians/,False,Registered Dietitians For Eating Disorders | BCC Texas,54,158,1,1155,False,https://www.bariatriccounselingcenter.com/ourprogram/meet-with-registered-dietitians/,1,41,Article|BreadcrumbList|ImageObject|ListItem|Person|Place|PostalAddress|WebPage|WebSite,1.17
https://www.bariatriccounselingcenter.com/self-improvement/understanding-types-of-motivation/,200,,False,Understanding Intrinsic And Extrinsic Motivation: A Comprehensive Guide | The BCC Of San Antonio,96,133,1,1673,False,https://www.bariatriccounselingcenter.com/self-improvement/motivation/understanding-types-of-motivation/,0,61,BreadcrumbList|ImageObject|ListItem|NewsArticle|Person|Place|PostalAddress|WebPage|WebSite,0.79
https://www.bariatriccounselingcenter.com/tag/adhd/,200,,False,ADHD | Bariatric Counseling Center | Specialized Weight Loss Support,68,0,1,310,True,,0,37,BreadcrumbList|CollectionPage|ImageObject|ListItem|LocalBusiness|Place|PostalAddress|WebSite,0.88
https://www.bariatriccounselingcenter.com/tag/adhd-and-disordered-eating/,200,,False,ADHD And Disordered Eating | Bariatric Counseling Center | Specialized Weight Loss Support,90,0,1,313,True,,0,37,BreadcrumbList|CollectionPage|ImageObject|ListItem|LocalBusiness|Place|PostalAddress|WebSite,0.76
https://www.bariatriccounselingcenter.com/tag/adhd-and-weight-loss-struggles/,200,,False,ADHD And Weight Loss Struggles | Bariatric Counseling Center | Specialized Weight Loss Support,94,0,1,314,True,,0,37,BreadcrumbList|CollectionPage|ImageObject|ListItem|LocalBusiness|Place|PostalAddress|WebSite,0.78
https://www.bariatriccounselingcenter.com/tag/adhd-executive-function-and-nutrition/,200,,False,ADHD Executive Function And Nutrition | Bariatric Counseling Center | Specialized Weight Loss Support,101,0,1,314,True,,0,37,BreadcrumbList|CollectionPage|ImageObject|ListItem|LocalBusiness|Place|PostalAddress|WebSite,0.84
https://www.bariatriccounselingcenter.com/tag/adhd-grocery-shopping-challenges/,200,,False,ADHD Grocery Shopping Challenges | Bariatric Counseling Center | Specialized Weight Loss Support,96,0,1,313,True,,0,37,BreadcrumbList|CollectionPage|ImageObject|ListItem|LocalBusiness|Place|PostalAddress|WebSite,2.47
https://www.bariatriccounselingcenter.com/tag/adhd-medication-appetite-suppression/,200,,False,ADHD Medication Appetite Suppression | Bariatric Counseling Center | Specialized Weight Loss Support,100,0,1,313,True,,0,37,BreadcrumbList|CollectionPage|ImageObject|ListItem|LocalBusiness|Place|PostalAddress|WebSite,0.79
https://www.bariatriccounselingcenter.com/tag/behavioral-health/,200,,False,Behavioral Health | Bariatric Counseling Center | Specialized Weight Loss Support,81,0,1,512,True,,0,48,BreadcrumbList|CollectionPage|ImageObject|ListItem|LocalBusiness|Place|PostalAddress|WebSite,0.7
https://www.bariatriccounselingcenter.com/tag/binge-eating/,200,,False,Binge Eating | Bariatric Counseling Center | Specialized Weight Loss Support,76,0,1,637,True,,0,52,BreadcrumbList|CollectionPage|ImageObject|ListItem|LocalBusiness|Place|PostalAddress|WebSite,0.75
https://www.bariatriccounselingcenter.com/tag/cognitive-challenges/,200,,False,Cognitive Challenges | Bariatric Counseling Center | Specialized Weight Loss Support,84,0,1,311,True,,0,37,BreadcrumbList|CollectionPage|ImageObject|ListItem|LocalBusiness|Place|PostalAddress|WebSite,0.68
https://www.bariatriccounselingcenter.com/tag/eating-behaviors/,200,,False,Eating Behaviors | Bariatric Counseling Center | Specialized Weight Loss Support,80,0,1,311,True,,0,37,BreadcrumbList|CollectionPage|ImageObject|ListItem|LocalBusiness|Place|PostalAddress|WebSite,0.81
https://www.bariatriccounselingcenter.com/tag/emotional-eating/,200,,False,Emotional Eating | Bariatric Counseling Center | Specialized Weight Loss Support,80,0,1,862,True,,0,59,BreadcrumbList|CollectionPage|ImageObject|ListItem|LocalBusiness|Place|PostalAddress|WebSite,0.78
https://www.bariatriccounselingcenter.com/tag/executive-function/,200,,False,Executive Function | Bariatric Counseling Center | Specialized Weight Loss Support,82,0,1,311,True,,0,37,BreadcrumbList|CollectionPage|ImageObject|ListItem|LocalBusiness|Place|PostalAddress|WebSite,2.59
https://www.bariatriccounselingcenter.com/tag/executive-function-meal-planning/,200,,False,Executive Function Meal Planning | Bariatric Counseling Center | Specialized Weight Loss Support,96,0,1,313,True,,0,37,BreadcrumbList|CollectionPage|ImageObject|ListItem|LocalBusiness|Place|PostalAddress|WebSite,0.33
https://www.bariatriccounselingcenter.com/tag/food-journaling/,200,,False,Food Journaling | Bariatric Counseling Center | Specialized Weight Loss Support,79,0,1,311,True,,0,37,BreadcrumbList|CollectionPage|ImageObject|ListItem|LocalBusiness|Place|PostalAddress|WebSite,0.77
https://www.bariatriccounselingcenter.com/tag/how-adhd-affects-eating-behaviors/,200,,False,How ADHD Affects Eating Behaviors | Bariatric Counseling Center | Specialized Weight Loss Support,97,0,1,314,True,,0,37,BreadcrumbList|CollectionPage|ImageObject|ListItem|LocalBusiness|Place|PostalAddress|WebSite,0.71
https://www.bariatriccounselingcenter.com/tag/impulse-eating/,200,,False,Impulse Eating | Bariatric Counseling Center | Specialized Weight Loss Support,78,0,1,363,True,,0,39,BreadcrumbList|CollectionPage|ImageObject|ListItem|LocalBusiness|Place|PostalAddress|WebSite,0.83
https://www.bariatriccounselingcenter.com/tag/managing-eating-habits-with-adhd/,200,,False,Managing Eating Habits With ADHD | Bariatric Counseling Center | Specialized Weight Loss Support,96,0,1,314,True,,0,37,BreadcrumbList|CollectionPage|ImageObject|ListItem|LocalBusiness|Place|PostalAddress|WebSite,0.68
https://www.bariatriccounselingcenter.com/tag/meal-planning/,200,,False,Meal Planning | Bariatric Counseling Center | Specialized Weight Loss Support,77,0,1,372,True,,0,42,BreadcrumbList|CollectionPage|ImageObject|ListItem|LocalBusiness|Place|PostalAddress|WebSite,0.93
https://www.bariatriccounselingcenter.com/tag/medication-management/,200,,False,Medication Management | Bariatric Counseling Center | Specialized Weight Loss Support,85,0,1,311,True,,0,37,BreadcrumbList|CollectionPage|ImageObject|ListItem|LocalBusiness|Place|PostalAddress|WebSite,0.43
https://www.bariatriccounselingcenter.com/tag/mental-health/,200,,False,Mental Health | Bariatric Counseling Center | Specialized Weight Loss Support,77,0,1,680,True,,0,51,BreadcrumbList|CollectionPage|ImageObject|ListItem|LocalBusiness|Place|PostalAddress|WebSite,2.26
https://www.bariatriccounselingcenter.com/tag/non-surgical-weight-loss-support/,200,,False,Non-surgical Weight Loss Support | Bariatric Counseling Center | Specialized Weight Loss Support,96,0,1,370,True,,0,40,BreadcrumbList|CollectionPage|ImageObject|ListItem|LocalBusiness|Place|PostalAddress|WebSite,0.78
https://www.bariatriccounselingcenter.com/tag/nutrition-counseling/,200,,False,Nutrition Counseling | Bariatric Counseling Center | Specialized Weight Loss Support,84,0,1,311,True,,0,37,BreadcrumbList|CollectionPage|ImageObject|ListItem|LocalBusiness|Place|PostalAddress|WebSite,0.76
https://www.bariatriccounselingcenter.com/tag/weight-management/,200,,False,Weight Management | Bariatric Counseling Center | Specialized Weight Loss Support,81,0,1,311,True,,0,37,BreadcrumbList|CollectionPage|ImageObject|ListItem|LocalBusiness|Place|PostalAddress|WebSite,0.72
https://www.bariatriccounselingcenter.com/tag/bariatric-counseling/,200,,False,Bariatric Counseling | Bariatric Counseling Center | Specialized Weight Loss Support,84,0,1,506,True,,0,47,BreadcrumbList|CollectionPage|ImageObject|ListItem|LocalBusiness|Place|PostalAddress|WebSite,0.78
https://www.bariatriccounselingcenter.com/tag/bariatric-support/,200,,False,Bariatric Support | Bariatric Counseling Center | Specialized Weight Loss Support,81,0,1,514,True,,0,46,BreadcrumbList|CollectionPage|ImageObject|ListItem|LocalBusiness|Place|PostalAddress|WebSite,0.78
https://www.bariatriccounselingcenter.com/tag/bariatric-support-groups/,200,,False,Bariatric Support Groups | Bariatric Counseling Center | Specialized Weight Loss Support,88,0,1,318,True,,0,38,BreadcrumbList|CollectionPage|ImageObject|ListItem|LocalBusiness|Place|PostalAddress|WebSite,1.19
https://www.bariatriccounselingcenter.com/tag/bariatric-surgery-preparation/,200,,False,Bariatric Surgery Preparation | Bariatric Counseling Center | Specialized Weight Loss Support,93,0,1,318,True,,0,38,BreadcrumbList|CollectionPage|ImageObject|ListItem|LocalBusiness|Place|PostalAddress|WebSite,0.86
https://www.bariatriccounselingcenter.com/tag/body-image-after-weight-loss/,200,,False,Body Image After Weight Loss | Bariatric Counseling Center | Specialized Weight Loss Support,92,0,1,320,True,,0,38,BreadcrumbList|CollectionPage|ImageObject|ListItem|LocalBusiness|Place|PostalAddress|WebSite,1.17
https://www.bariatriccounselingcenter.com/tag/coping-with-weight-loss-surgery/,200,,False,Coping With Weight Loss Surgery | Bariatric Counseling Center | Specialized Weight Loss Support,95,0,1,320,True,,0,38,BreadcrumbList|CollectionPage|ImageObject|ListItem|LocalBusiness|Place|PostalAddress|WebSite,0.79
https://www.bariatriccounselingcenter.com/tag/emotional-readiness/,200,,False,Emotional Readiness | Bariatric Counseling Center | Specialized Weight Loss Support,83,0,1,317,True,,0,38,BreadcrumbList|CollectionPage|ImageObject|ListItem|LocalBusiness|Place|PostalAddress|WebSite,0.71
https://www.bariatriccounselingcenter.com/tag/lifestyle-changes/,200,,False,Lifestyle Changes | Bariatric Counseling Center | Specialized Weight Loss Support,81,0,1,442,True,,0,44,BreadcrumbList|CollectionPage|ImageObject|ListItem|LocalBusiness|Place|PostalAddress|WebSite,0.69
https://www.bariatriccounselingcenter.com/tag/mental-health-and-weight-loss/,200,,False,Mental Health And Weight Loss | Bariatric Counseling Center | Specialized Weight Loss Support,93,0,1,641,True,,0,49,BreadcrumbList|CollectionPage|ImageObject|ListItem|LocalBusiness|Place|PostalAddress|WebSite,0.98
https://www.bariatriccounselingcenter.com/tag/overcoming-emotional-eating/,200,,False,Overcoming Emotional Eating | Bariatric Counseling Center | Specialized Weight Loss Support,91,0,1,318,True,,0,38,BreadcrumbList|CollectionPage|ImageObject|ListItem|LocalBusiness|Place|PostalAddress|WebSite,0.79
https://www.bariatriccounselingcenter.com/tag/post-surgery-mental-health/,200,,False,Post-surgery Mental Health | Bariatric Counseling Center | Specialized Weight Loss Support,90,0,1,318,True,,0,38,BreadcrumbList|CollectionPage|ImageObject|ListItem|LocalBusiness|Place|PostalAddress|WebSite,1.03
https://www.bariatriccounselingcenter.com/tag/pre-surgery-mindset/,200,,False,Pre-surgery Mindset | Bariatric Counseling Center | Specialized Weight Loss Support,83,0,1,317,True,,0,38,BreadcrumbList|CollectionPage|ImageObject|ListItem|LocalBusiness|Place|PostalAddress|WebSite,1.71
https://www.bariatriccounselingcenter.com/tag/self-care-after-surgery/,200,,False,Self-care After Surgery | Bariatric Counseling Center | Specialized Weight Loss Support,87,0,1,318,True,,0,38,BreadcrumbList|CollectionPage|ImageObject|ListItem|LocalBusiness|Place|PostalAddress|WebSite,0.85
https://www.bariatriccounselingcenter.com/tag/surgery-recovery/,200,,False,Surgery Recovery | Bariatric Counseling Center | Specialized Weight Loss Support,80,0,1,317,True,,0,38,BreadcrumbList|CollectionPage|ImageObject|ListItem|LocalBusiness|Place|PostalAddress|WebSite,0.7
https://www.bariatriccounselingcenter.com/tag/sustainable-weight-loss/,200,,False,Sustainable Weight Loss | Bariatric Counseling Center | Specialized Weight Loss Support,87,0,1,767,True,,0,53,BreadcrumbList|CollectionPage|ImageObject|ListItem|LocalBusiness|Place|PostalAddress|WebSite,0.79
https://www.bariatriccounselingcenter.com/tag/weight-loss-surgery/,200,,False,Weight Loss Surgery | Bariatric Counseling Center | Specialized Weight Loss Support,83,0,1,395,True,,0,42,BreadcrumbList|CollectionPage|ImageObject|ListItem|LocalBusiness|Place|PostalAddress|WebSite,0.79
https://www.bariatriccounselingcenter.com/author/james-gemino/,200,,False,"James Gemino, LPC | Bariatric Counseling Center | Specialized Weight Loss Support",81,0,1,958,False,https://www.bariatriccounselingcenter.com/author/james-gemino/,1,51,BreadcrumbList|ImageObject|ListItem|LocalBusiness|Person|Place|PostalAddress|ProfilePage|WebSite,0.41
https://www.bariatriccounselingcenter.com/author/jarce/,200,,False,"Arce, LPC | Bariatric Counseling Center | Specialized Weight Loss Support",73,0,1,546,False,https://www.bariatriccounselingcenter.com/author/jarce/,0,45,BreadcrumbList|ImageObject|ListItem|LocalBusiness|Person|Place|PostalAddress|ProfilePage|WebSite,0.91
https://www.bariatriccounselingcenter.com/tag/belly-hunger/,200,,False,Belly Hunger | Bariatric Counseling Center | Specialized Weight Loss Support,76,0,1,320,True,,0,38,BreadcrumbList|CollectionPage|ImageObject|ListItem|LocalBusiness|Place|PostalAddress|WebSite,0.72
https://www.bariatriccounselingcenter.com/tag/diet-culture/,200,,False,Diet Culture | Bariatric Counseling Center | Specialized Weight Loss Support,76,0,1,386,True,,0,42,BreadcrumbList|CollectionPage|ImageObject|ListItem|LocalBusiness|Place|PostalAddress|WebSite,0.7
https://www.bariatriccounselingcenter.com/tag/disordered-eating/,200,,False,Disordered Eating | Bariatric Counseling Center | Specialized Weight Loss Support,81,0,1,458,True,,0,45,BreadcrumbList|CollectionPage|ImageObject|ListItem|LocalBusiness|Place|PostalAddress|WebSite,0.71
https://www.bariatriccounselingcenter.com/tag/food-guilt/,200,,False,Food Guilt | Bariatric Counseling Center | Specialized Weight Loss Support,74,0,1,320,True,,0,38,BreadcrumbList|CollectionPage|ImageObject|ListItem|LocalBusiness|Place|PostalAddress|WebSite,0.78
https://www.bariatriccounselingcenter.com/tag/head-hunger/,200,,False,Head Hunger | Bariatric Counseling Center | Specialized Weight Loss Support,75,0,1,320,True,,0,38,BreadcrumbList|CollectionPage|ImageObject|ListItem|LocalBusiness|Place|PostalAddress|WebSite,0.73
https://www.bariatriccounselingcenter.com/tag/relationship-with-food/,200,,False,Relationship With Food | Bariatric Counseling Center | Specialized Weight Loss Support,86,0,1,321,True,,0,38,BreadcrumbList|CollectionPage|ImageObject|ListItem|LocalBusiness|Place|PostalAddress|WebSite,2.0
https://www.bariatriccounselingcenter.com/tag/restrict-overeat-cycle/,200,,False,Restrict Overeat Cycle | Bariatric Counseling Center | Specialized Weight Loss Support,86,0,1,321,True,,0,38,BreadcrumbList|CollectionPage|ImageObject|ListItem|LocalBusiness|Place|PostalAddress|WebSite,0.31
https://www.bariatriccounselingcenter.com/tag/seeking-support/,200,,False,Seeking Support | Bariatric Counseling Center | Specialized Weight Loss Support,79,0,1,320,True,,0,38,BreadcrumbList|CollectionPage|ImageObject|ListItem|LocalBusiness|Place|PostalAddress|WebSite,0.67
https://www.bariatriccounselingcenter.com/healthy-living-2/how-do-i-manage-cravings-and-impulse-eating/?utm_source=chatgpt.com,200,,False,How To Manage Food Cravings And Impulse Eating,46,137,1,2655,False,https://www.bariatriccounselingcenter.com/healthy-living-2/how-do-i-manage-cravings-and-impulse-eating/,0,82,Answer|BreadcrumbList|FAQPage|ImageObject|ListItem|NewsArticle|Person|Place|PostalAddress|Question|WebPage|WebSite,0.39
https://www.bariatriccounselingcenter.com/tag/bariatric-lifestyle/,200,,False,Bariatric Lifestyle | Bariatric Counseling Center | Specialized Weight Loss Support,83,0,1,315,True,,0,37,BreadcrumbList|CollectionPage|ImageObject|ListItem|LocalBusiness|Place|PostalAddress|WebSite,0.74
https://www.bariatriccounselingcenter.com/tag/bariatric-mental-health/,200,,False,Bariatric Mental Health | Bariatric Counseling Center | Specialized Weight Loss Support,87,0,1,316,True,,0,37,BreadcrumbList|CollectionPage|ImageObject|ListItem|LocalBusiness|Place|PostalAddress|WebSite,0.86
https://www.bariatriccounselingcenter.com/tag/coping-strategies/,200,,False,Coping Strategies | Bariatric Counseling Center | Specialized Weight Loss Support,81,0,1,395,True,,0,41,BreadcrumbList|CollectionPage|ImageObject|ListItem|LocalBusiness|Place|PostalAddress|WebSite,0.68
https://www.bariatriccounselingcenter.com/tag/emotional-coping-tools/,200,,False,Emotional Coping Tools | Bariatric Counseling Center | Specialized Weight Loss Support,86,0,1,316,True,,0,37,BreadcrumbList|CollectionPage|ImageObject|ListItem|LocalBusiness|Place|PostalAddress|WebSite,0.76
https://www.bariatriccounselingcenter.com/tag/emotional-regulation/,200,,False,Emotional Regulation | Bariatric Counseling Center | Specialized Weight Loss Support,84,0,1,315,True,,0,37,BreadcrumbList|CollectionPage|ImageObject|ListItem|LocalBusiness|Place|PostalAddress|WebSite,0.98
https://www.bariatriccounselingcenter.com/tag/mental-health-tools/,200,,False,Mental Health Tools | Bariatric Counseling Center | Specialized Weight Loss Support,83,0,1,316,True,,0,37,BreadcrumbList|CollectionPage|ImageObject|ListItem|LocalBusiness|Place|PostalAddress|WebSite,2.24
https://www.bariatriccounselingcenter.com/tag/nervous-system-regulation/,200,,False,Nervous System Regulation | Bariatric Counseling Center | Specialized Weight Loss Support,89,0,1,316,True,,0,37,BreadcrumbList|CollectionPage|ImageObject|ListItem|LocalBusiness|Place|PostalAddress|WebSite,1.24
https://www.bariatriccounselingcenter.com/tag/post-bariatric-support/,200,,False,Post Bariatric Support | Bariatric Counseling Center | Specialized Weight Loss Support,86,0,1,316,True,,0,37,BreadcrumbList|CollectionPage|ImageObject|ListItem|LocalBusiness|Place|PostalAddress|WebSite,0.77
https://www.bariatriccounselingcenter.com/tag/self-regulation/,200,,False,Self-regulation | Bariatric Counseling Center | Specialized Weight Loss Support,79,0,1,314,True,,0,37,BreadcrumbList|CollectionPage|ImageObject|ListItem|LocalBusiness|Place|PostalAddress|WebSite,0.71
https://www.bariatriccounselingcenter.com/tag/stress-eating/,200,,False,Stress Eating | Bariatric Counseling Center | Specialized Weight Loss Support,77,0,1,524,True,,0,49,BreadcrumbList|CollectionPage|ImageObject|ListItem|LocalBusiness|Place|PostalAddress|WebSite,0.7
https://www.bariatriccounselingcenter.com/tag/stress-management/,200,,False,Stress Management | Bariatric Counseling Center | Specialized Weight Loss Support,81,0,1,638,True,,0,52,BreadcrumbList|CollectionPage|ImageObject|ListItem|LocalBusiness|Place|PostalAddress|WebSite,0.37
https://www.bariatriccounselingcenter.com/tag/bariatric-counseling-center/,200,,False,Bariatric Counseling Center | Bariatric Counseling Center | Specialized Weight Loss Support,91,0,1,893,True,,0,61,BreadcrumbList|CollectionPage|ImageObject|ListItem|LocalBusiness|Place|PostalAddress|WebSite,0.35
https://www.bariatriccounselingcenter.com/tag/bed-symptoms/,200,,False,BED Symptoms | Bariatric Counseling Center | Specialized Weight Loss Support,76,0,1,315,True,,0,37,BreadcrumbList|CollectionPage|ImageObject|ListItem|LocalBusiness|Place|PostalAddress|WebSite,0.68
https://www.bariatriccounselingcenter.com/tag/binge-eating-disorder/,200,,False,Binge Eating Disorder | Bariatric Counseling Center | Specialized Weight Loss Support,85,0,1,665,True,,0,48,BreadcrumbList|CollectionPage|ImageObject|ListItem|LocalBusiness|Place|PostalAddress|WebSite,0.72
https://www.bariatriccounselingcenter.com/tag/binge-eating-recovery/,200,,False,Binge Eating Recovery | Bariatric Counseling Center | Specialized Weight Loss Support,85,0,1,316,True,,0,37,BreadcrumbList|CollectionPage|ImageObject|ListItem|LocalBusiness|Place|PostalAddress|WebSite,0.73
https://www.bariatriccounselingcenter.com/tag/binge-eating-treatment/,200,,False,Binge Eating Treatment | Bariatric Counseling Center | Specialized Weight Loss Support,86,0,1,531,True,,0,45,BreadcrumbList|CollectionPage|ImageObject|ListItem|LocalBusiness|Place|PostalAddress|WebSite,0.89
https://www.bariatriccounselingcenter.com/tag/causes-of-binge-eating/,200,,False,Causes Of Binge Eating | Bariatric Counseling Center | Specialized Weight Loss Support,86,0,1,393,True,,0,41,BreadcrumbList|CollectionPage|ImageObject|ListItem|LocalBusiness|Place|PostalAddress|WebSite,0.7
https://www.bariatriccounselingcenter.com/tag/cognitive-behavioral-therapy-for-bed/,200,,False,Cognitive Behavioral Therapy For BED | Bariatric Counseling Center | Specialized Weight Loss Support,100,0,1,318,True,,0,37,BreadcrumbList|CollectionPage|ImageObject|ListItem|LocalBusiness|Place|PostalAddress|WebSite,0.8
https://www.bariatriccounselingcenter.com/tag/do-i-have-binge-eating-disorder/,200,,False,Do I Have Binge Eating Disorder? | Bariatric Counseling Center | Specialized Weight Loss Support,96,0,1,395,True,,0,41,BreadcrumbList|CollectionPage|ImageObject|ListItem|LocalBusiness|Place|PostalAddress|WebSite,0.79
https://www.bariatriccounselingcenter.com/tag/dr-hamilton/,200,,False,Dr. Hamilton | Bariatric Counseling Center | Specialized Weight Loss Support,76,0,1,315,True,,0,37,BreadcrumbList|CollectionPage|ImageObject|ListItem|LocalBusiness|Place|PostalAddress|WebSite,1.25
https://www.bariatriccounselingcenter.com/tag/eating-disorder-help/,200,,False,Eating Disorder Help | Bariatric Counseling Center | Specialized Weight Loss Support,84,0,1,392,True,,0,41,BreadcrumbList|CollectionPage|ImageObject|ListItem|LocalBusiness|Place|PostalAddress|WebSite,0.75
https://www.bariatriccounselingcenter.com/tag/eating-disorder-therapy/,200,,False,Eating Disorder Therapy | Bariatric Counseling Center | Specialized Weight Loss Support,87,0,1,316,True,,0,37,BreadcrumbList|CollectionPage|ImageObject|ListItem|LocalBusiness|Place|PostalAddress|WebSite,0.81
https://www.bariatriccounselingcenter.com/tag/how-to-recover-from-binge-eating/,200,,False,How To Recover From Binge Eating | Bariatric Counseling Center | Specialized Weight Loss Support,96,0,1,319,True,,0,37,BreadcrumbList|CollectionPage|ImageObject|ListItem|LocalBusiness|Place|PostalAddress|WebSite,0.68
https://www.bariatriccounselingcenter.com/tag/how-to-stop-binge-eating/,200,,False,How To Stop Binge Eating | Bariatric Counseling Center | Specialized Weight Loss Support,88,0,1,318,True,,0,37,BreadcrumbList|CollectionPage|ImageObject|ListItem|LocalBusiness|Place|PostalAddress|WebSite,0.83
https://www.bariatriccounselingcenter.com/tag/is-binge-eating-a-mental-disorder/,200,,False,Is Binge Eating A Mental Disorder? | Bariatric Counseling Center | Specialized Weight Loss Support,98,0,1,319,True,,0,37,BreadcrumbList|CollectionPage|ImageObject|ListItem|LocalBusiness|Place|PostalAddress|WebSite,0.7
https://www.bariatriccounselingcenter.com/tag/mental-health-and-eating-disorders/,200,,False,Mental Health And Eating Disorders | Bariatric Counseling Center | Specialized Weight Loss Support,98,0,1,318,True,,0,37,BreadcrumbList|CollectionPage|ImageObject|ListItem|LocalBusiness|Place|PostalAddress|WebSite,1.35
https://www.bariatriccounselingcenter.com/tag/non-diet-approach/,200,,False,Non-Diet Approach | Bariatric Counseling Center | Specialized Weight Loss Support,81,0,1,315,True,,0,37,BreadcrumbList|CollectionPage|ImageObject|ListItem|LocalBusiness|Place|PostalAddress|WebSite,2.72
https://www.bariatriccounselingcenter.com/tag/overeating-vs-binge-eating/,200,,False,Overeating Vs. Binge Eating | Bariatric Counseling Center | Specialized Weight Loss Support,91,0,1,317,True,,0,37,BreadcrumbList|CollectionPage|ImageObject|ListItem|LocalBusiness|Place|PostalAddress|WebSite,0.67
https://www.bariatriccounselingcenter.com/tag/registered-dietitian-support/,200,,False,Registered Dietitian Support | Bariatric Counseling Center | Specialized Weight Loss Support,92,0,1,316,True,,0,37,BreadcrumbList|CollectionPage|ImageObject|ListItem|LocalBusiness|Place|PostalAddress|WebSite,0.7
https://www.bariatriccounselingcenter.com/tag/signs-of-binge-eating-disorder/,200,,False,Signs Of Binge Eating Disorder | Bariatric Counseling Center | Specialized Weight Loss Support,94,0,1,394,True,,0,41,BreadcrumbList|CollectionPage|ImageObject|ListItem|LocalBusiness|Place|PostalAddress|WebSite,0.68
https://www.bariatriccounselingcenter.com/tag/therapy-for-binge-eating/,200,,False,Therapy For Binge Eating | Bariatric Counseling Center | Specialized Weight Loss Support,88,0,1,378,True,,0,41,BreadcrumbList|CollectionPage|ImageObject|ListItem|LocalBusiness|Place|PostalAddress|WebSite,0.71
https://www.bariatriccounselingcenter.com/tag/why-do-i-binge-eat/,200,,False,Why Do I Binge Eat? | Bariatric Counseling Center | Specialized Weight Loss Support,83,0,1,318,True,,0,37,BreadcrumbList|CollectionPage|ImageObject|ListItem|LocalBusiness|Place|PostalAddress|WebSite,0.66
https://www.bariatriccounselingcenter.com/tag/daily-water-intake/,200,,False,Daily Water Intake | Bariatric Counseling Center | Specialized Weight Loss Support,82,0,1,318,True,,0,38,BreadcrumbList|CollectionPage|ImageObject|ListItem|LocalBusiness|Place|PostalAddress|WebSite,0.9
https://www.bariatriccounselingcenter.com/tag/drinking-water/,200,,False,Drinking Water | Bariatric Counseling Center | Specialized Weight Loss Support,78,0,1,317,True,,0,38,BreadcrumbList|CollectionPage|ImageObject|ListItem|LocalBusiness|Place|PostalAddress|WebSite,1.41
https://www.bariatriccounselingcenter.com/tag/fluid-intake/,200,,False,Fluid Intake | Bariatric Counseling Center | Specialized Weight Loss Support,76,0,1,317,True,,0,38,BreadcrumbList|CollectionPage|ImageObject|ListItem|LocalBusiness|Place|PostalAddress|WebSite,0.68
https://www.bariatriccounselingcenter.com/tag/healthy-habits/,200,,False,Healthy Habits | Bariatric Counseling Center | Specialized Weight Loss Support,78,0,1,705,True,,0,56,BreadcrumbList|CollectionPage|ImageObject|ListItem|LocalBusiness|Place|PostalAddress|WebSite,0.79
https://www.bariatriccounselingcenter.com/tag/hydration/,200,,False,Hydration | Bariatric Counseling Center | Specialized Weight Loss Support,73,0,1,316,True,,0,38,BreadcrumbList|CollectionPage|ImageObject|ListItem|LocalBusiness|Place|PostalAddress|WebSite,0.65
https://www.bariatriccounselingcenter.com/tag/hydration-tips/,200,,False,Hydration Tips | Bariatric Counseling Center | Specialized Weight Loss Support,78,0,1,369,True,,0,40,BreadcrumbList|CollectionPage|ImageObject|ListItem|LocalBusiness|Place|PostalAddress|WebSite,0.68
https://www.bariatriccounselingcenter.com/tag/infused-water/,200,,False,Infused Water | Bariatric Counseling Center | Specialized Weight Loss Support,77,0,1,317,True,,0,38,BreadcrumbList|CollectionPage|ImageObject|ListItem|LocalBusiness|Place|PostalAddress|WebSite,0.7
https://www.bariatriccounselingcenter.com/tag/metabolism/,200,,False,Metabolism | Bariatric Counseling Center | Specialized Weight Loss Support,74,0,1,316,True,,0,38,BreadcrumbList|CollectionPage|ImageObject|ListItem|LocalBusiness|Place|PostalAddress|WebSite,0.68
https://www.bariatriccounselingcenter.com/tag/signs-of-dehydration/,200,,False,Signs Of Dehydration | Bariatric Counseling Center | Specialized Weight Loss Support,84,0,1,318,True,,0,38,BreadcrumbList|CollectionPage|ImageObject|ListItem|LocalBusiness|Place|PostalAddress|WebSite,0.8
https://www.bariatriccounselingcenter.com/tag/sustainable-routines/,200,,False,Sustainable Routines | Bariatric Counseling Center | Specialized Weight Loss Support,84,0,1,317,True,,0,38,BreadcrumbList|CollectionPage|ImageObject|ListItem|LocalBusiness|Place|PostalAddress|WebSite,0.8
https://www.bariatriccounselingcenter.com/tag/water-benefits/,200,,False,Water Benefits | Bariatric Counseling Center | Specialized Weight Loss Support,78,0,1,317,True,,0,38,BreadcrumbList|CollectionPage|ImageObject|ListItem|LocalBusiness|Place|PostalAddress|WebSite,1.77
https://www.bariatriccounselingcenter.com/tag/weight-loss/,200,,False,Weight Loss | Bariatric Counseling Center | Specialized Weight Loss Support,75,0,1,718,True,,0,55,BreadcrumbList|CollectionPage|ImageObject|ListItem|LocalBusiness|Place|PostalAddress|WebSite,1.55
https://www.bariatriccounselingcenter.com/tag/bariatric-surgery/,200,,False,Bariatric Surgery | Bariatric Counseling Center | Specialized Weight Loss Support,81,0,1,422,True,,0,43,BreadcrumbList|CollectionPage|ImageObject|ListItem|LocalBusiness|Place|PostalAddress|WebSite,0.71
https://www.bariatriccounselingcenter.com/tag/bcc-program/,200,,False,BCC Program | Bariatric Counseling Center | Specialized Weight Loss Support,75,0,1,474,True,,0,43,BreadcrumbList|CollectionPage|ImageObject|ListItem|LocalBusiness|Place|PostalAddress|WebSite,0.77
https://www.bariatriccounselingcenter.com/tag/eating-disorders/,200,,False,Eating Disorders | Bariatric Counseling Center | Specialized Weight Loss Support,80,0,1,446,True,,0,45,BreadcrumbList|CollectionPage|ImageObject|ListItem|LocalBusiness|Place|PostalAddress|WebSite,0.79
https://www.bariatriccounselingcenter.com/tag/joint-commission-accredited/,200,,False,Joint Commission Accredited | Bariatric Counseling Center | Specialized Weight Loss Support,91,0,1,407,True,,0,42,BreadcrumbList|CollectionPage|ImageObject|ListItem|LocalBusiness|Place|PostalAddress|WebSite,0.67
https://www.bariatriccounselingcenter.com/tag/pre-bariatric-evaluation/,200,,False,Pre-bariatric Evaluation | Bariatric Counseling Center | Specialized Weight Loss Support,88,0,1,345,True,,0,39,BreadcrumbList|CollectionPage|ImageObject|ListItem|LocalBusiness|Place|PostalAddress|WebSite,0.73
https://www.bariatriccounselingcenter.com/tag/pre-op-assessment/,200,,False,Pre-op Assessment | Bariatric Counseling Center | Specialized Weight Loss Support,81,0,1,345,True,,0,39,BreadcrumbList|CollectionPage|ImageObject|ListItem|LocalBusiness|Place|PostalAddress|WebSite,0.78
https://www.bariatriccounselingcenter.com/tag/psychological-evaluation/,200,,False,Psychological Evaluation | Bariatric Counseling Center | Specialized Weight Loss Support,88,0,1,345,True,,0,39,BreadcrumbList|CollectionPage|ImageObject|ListItem|LocalBusiness|Place|PostalAddress|WebSite,0.68
https://www.bariatriccounselingcenter.com/tag/therapy-for-eating-disorders/,200,,False,Therapy For Eating Disorders | Bariatric Counseling Center | Specialized Weight Loss Support,92,0,1,606,True,,0,50,BreadcrumbList|CollectionPage|ImageObject|ListItem|LocalBusiness|Place|PostalAddress|WebSite,0.75
https://www.bariatriccounselingcenter.com/2022/07/dr-sara-hamilton-a-holistic-approach-to-weight-loss/,200,https://www.bariatriccounselingcenter.com/staff/dr-sara-hamilton-a-holistic-approach-to-weight-loss/,False,Dr. Sara Hamilton – A Holistic Approach To Weight Loss | Bariatric Counseling Center | Specialized Weight Loss Support,118,11,1,609,False,https://www.bariatriccounselingcenter.com/staff/dr-sara-hamilton-a-holistic-approach-to-weight-loss/,0,50,BreadcrumbList|ImageObject|ListItem|NewsArticle|Person|Place|PostalAddress|WebPage|WebSite,0.88
https://www.bariatriccounselingcenter.com/2023/11/what-is-emotional-eating/,200,https://www.bariatriccounselingcenter.com/emotional-eating/what-is-emotional-eating/,False,"What Is Emotional Eating? Signs, Causes & Help | BCC",52,156,1,1944,False,https://www.bariatriccounselingcenter.com/emotional-eating/what-is-emotional-eating/,0,63,Answer|BreadcrumbList|FAQPage|ImageObject|ListItem|NewsArticle|Person|Place|PostalAddress|Question|WebPage|WebSite,2.1
https://www.bariatriccounselingcenter.com/tag/coping-skills/,200,,False,Coping Skills | Bariatric Counseling Center | Specialized Weight Loss Support,77,0,1,314,True,,0,38,BreadcrumbList|CollectionPage|ImageObject|ListItem|LocalBusiness|Place|PostalAddress|WebSite,0.78
https://www.bariatriccounselingcenter.com/tag/weight-loss-counseling/,200,,False,Weight Loss Counseling | Bariatric Counseling Center | Specialized Weight Loss Support,86,0,1,372,True,,0,41,BreadcrumbList|CollectionPage|ImageObject|ListItem|LocalBusiness|Place|PostalAddress|WebSite,0.85
https://www.bariatriccounselingcenter.com/tag/dietitian-or-nutritionist/,200,,False,Dietitian Or Nutritionist | Bariatric Counseling Center | Specialized Weight Loss Support,89,0,1,322,True,,0,37,BreadcrumbList|CollectionPage|ImageObject|ListItem|LocalBusiness|Place|PostalAddress|WebSite,0.66
https://www.bariatriccounselingcenter.com/tag/triggers/,200,,False,Triggers | Bariatric Counseling Center | Specialized Weight Loss Support,72,0,1,312,True,,0,38,BreadcrumbList|CollectionPage|ImageObject|ListItem|LocalBusiness|Place|PostalAddress|WebSite,0.62
https://www.bariatriccounselingcenter.com/tag/dr-sara-hamilton/,200,,False,Dr. Sara Hamilton | Bariatric Counseling Center | Specialized Weight Loss Support,81,0,1,346,True,,0,39,BreadcrumbList|CollectionPage|ImageObject|ListItem|LocalBusiness|Place|PostalAddress|WebSite,0.82
https://www.bariatriccounselingcenter.com/tag/gold-seal-of-approval/,200,,False,Gold Seal Of Approval | Bariatric Counseling Center | Specialized Weight Loss Support,85,0,1,310,True,,0,37,BreadcrumbList|CollectionPage|ImageObject|ListItem|LocalBusiness|Place|PostalAddress|WebSite,0.66
https://www.bariatriccounselingcenter.com/tag/joint-commission/,200,,False,Joint Commission | Bariatric Counseling Center | Specialized Weight Loss Support,80,0,1,308,True,,0,37,BreadcrumbList|CollectionPage|ImageObject|ListItem|LocalBusiness|Place|PostalAddress|WebSite,0.7
https://www.bariatriccounselingcenter.com/tag/san-antonio/,200,,False,San Antonio | Bariatric Counseling Center | Specialized Weight Loss Support,75,0,1,385,True,,0,42,BreadcrumbList|CollectionPage|ImageObject|ListItem|LocalBusiness|Place|PostalAddress|WebSite,0.7
https://www.bariatriccounselingcenter.com/tag/todd-mccord/,200,,False,Todd McCord | Bariatric Counseling Center | Specialized Weight Loss Support,75,0,1,296,True,,0,37,BreadcrumbList|CollectionPage|ImageObject|ListItem|LocalBusiness|Place|PostalAddress|WebSite,0.7
https://www.bariatriccounselingcenter.com/tag/goals/,200,,False,Goals | Bariatric Counseling Center | Specialized Weight Loss Support,69,0,1,307,True,,0,38,BreadcrumbList|CollectionPage|ImageObject|ListItem|LocalBusiness|Place|PostalAddress|WebSite,0.63
https://www.bariatriccounselingcenter.com/tag/self-doubt/,200,,False,Self-doubt | Bariatric Counseling Center | Specialized Weight Loss Support,74,0,1,305,True,,0,38,BreadcrumbList|CollectionPage|ImageObject|ListItem|LocalBusiness|Place|PostalAddress|WebSite,0.64
https://www.bariatriccounselingcenter.com/tag/self-sabotage/,200,,False,Self-sabotage | Bariatric Counseling Center | Specialized Weight Loss Support,77,0,1,419,True,,0,42,BreadcrumbList|CollectionPage|ImageObject|ListItem|LocalBusiness|Place|PostalAddress|WebSite,0.73
https://www.bariatriccounselingcenter.com/staff/emily-beissner/,200,,False,Emily Beissner | Bariatric Counseling Center | Specialized Weight Loss Support,78,0,1,544,True,,0,49,BreadcrumbList|ImageObject|ListItem|NewsArticle|Person|Place|PostalAddress|WebPage|WebSite,0.74
https://www.bariatriccounselingcenter.com/staff/nancy-albus/,200,,False,Nancy Albus | Bariatric Counseling Center | Specialized Weight Loss Support,75,0,1,532,True,,0,49,BreadcrumbList|ImageObject|ListItem|NewsArticle|Person|Place|PostalAddress|WebPage|WebSite,0.84
https://www.bariatriccounselingcenter.com/services/,200,https://www.bariatriccounselingcenter.com/ourprogram/,False,"IOP Program For Binge Eating, Food Addiction & Overeating",57,159,1,949,False,https://www.bariatriccounselingcenter.com/ourprogram/,0,34,Article|BreadcrumbList|ImageObject|ListItem|Person|Place|PostalAddress|WebPage|WebSite,2.93
https://www.bariatriccounselingcenter.com/tag/mindfulness/,200,,False,Mindfulness | Bariatric Counseling Center | Specialized Weight Loss Support,75,0,1,497,True,,0,48,BreadcrumbList|CollectionPage|ImageObject|ListItem|LocalBusiness|Place|PostalAddress|WebSite,0.75
https://www.bariatriccounselingcenter.com/tag/holiday-eating/,200,,False,Holiday Eating | Bariatric Counseling Center | Specialized Weight Loss Support,78,0,1,305,True,,0,38,BreadcrumbList|CollectionPage|ImageObject|ListItem|LocalBusiness|Place|PostalAddress|WebSite,0.64
https://www.bariatriccounselingcenter.com/tag/sensaible-eating/,200,,False,Sensaible Eating | Bariatric Counseling Center | Specialized Weight Loss Support,80,0,1,305,True,,0,38,BreadcrumbList|CollectionPage|ImageObject|ListItem|LocalBusiness|Place|PostalAddress|WebSite,0.69
https://www.bariatriccounselingcenter.com/tag/james-m-gemino/,200,,False,James M. Gemino | Bariatric Counseling Center | Specialized Weight Loss Support,79,0,1,315,True,,0,38,BreadcrumbList|CollectionPage|ImageObject|ListItem|LocalBusiness|Place|PostalAddress|WebSite,0.67
https://www.bariatriccounselingcenter.com/tag/motivation/,200,,False,Motivation | Bariatric Counseling Center | Specialized Weight Loss Support,74,0,1,379,True,,0,42,BreadcrumbList|CollectionPage|ImageObject|ListItem|LocalBusiness|Place|PostalAddress|WebSite,0.66
https://www.bariatriccounselingcenter.com/tag/gastroparesis/,200,,False,Gastroparesis | Bariatric Counseling Center | Specialized Weight Loss Support,77,0,1,304,True,,0,37,BreadcrumbList|CollectionPage|ImageObject|ListItem|LocalBusiness|Place|PostalAddress|WebSite,0.67
https://www.bariatriccounselingcenter.com/tag/health/,200,,False,Health | Bariatric Counseling Center | Specialized Weight Loss Support,70,0,1,358,True,,0,40,BreadcrumbList|CollectionPage|ImageObject|ListItem|LocalBusiness|Place|PostalAddress|WebSite,0.65
https://www.bariatriccounselingcenter.com/tag/stomach-paralysis/,200,,False,Stomach Paralysis | Bariatric Counseling Center | Specialized Weight Loss Support,81,0,1,305,True,,0,37,BreadcrumbList|CollectionPage|ImageObject|ListItem|LocalBusiness|Place|PostalAddress|WebSite,0.72
https://www.bariatriccounselingcenter.com/tag/food/,200,,False,Food | Bariatric Counseling Center | Specialized Weight Loss Support,68,0,1,312,True,,0,37,BreadcrumbList|CollectionPage|ImageObject|ListItem|LocalBusiness|Place|PostalAddress|WebSite,0.69
https://www.bariatriccounselingcenter.com/tag/body-mind-connection/,200,,False,Body-mind Connection | Bariatric Counseling Center | Specialized Weight Loss Support,84,0,1,325,True,,0,38,BreadcrumbList|CollectionPage|ImageObject|ListItem|LocalBusiness|Place|PostalAddress|WebSite,1.0
https://www.bariatriccounselingcenter.com/tag/cognitive-distortions/,200,,False,Cognitive Distortions | Bariatric Counseling Center | Specialized Weight Loss Support,85,0,1,325,True,,0,38,BreadcrumbList|CollectionPage|ImageObject|ListItem|LocalBusiness|Place|PostalAddress|WebSite,1.18
https://www.bariatriccounselingcenter.com/tag/health-counseling/,200,,False,Health Counseling | Bariatric Counseling Center | Specialized Weight Loss Support,81,0,1,325,True,,0,38,BreadcrumbList|CollectionPage|ImageObject|ListItem|LocalBusiness|Place|PostalAddress|WebSite,1.05
https://www.bariatriccounselingcenter.com/tag/holistic-health/,200,,False,Holistic Health | Bariatric Counseling Center | Specialized Weight Loss Support,79,0,1,325,True,,0,38,BreadcrumbList|CollectionPage|ImageObject|ListItem|LocalBusiness|Place|PostalAddress|WebSite,0.72
https://www.bariatriccounselingcenter.com/tag/mindful-eating/,200,,False,Mindful Eating | Bariatric Counseling Center | Specialized Weight Loss Support,78,0,1,720,True,,0,56,BreadcrumbList|CollectionPage|ImageObject|ListItem|LocalBusiness|Place|PostalAddress|WebSite,2.22
https://www.bariatriccounselingcenter.com/tag/psychological-barriers/,200,,False,Psychological Barriers | Bariatric Counseling Center | Specialized Weight Loss Support,86,0,1,325,True,,0,38,BreadcrumbList|CollectionPage|ImageObject|ListItem|LocalBusiness|Place|PostalAddress|WebSite,2.04
https://www.bariatriccounselingcenter.com/tag/self-care/,200,,False,Self-care | Bariatric Counseling Center | Specialized Weight Loss Support,73,0,1,324,True,,0,38,BreadcrumbList|CollectionPage|ImageObject|ListItem|LocalBusiness|Place|PostalAddress|WebSite,0.67
https://www.bariatriccounselingcenter.com/tag/sleep-and-weight-loss/,200,,False,Sleep And Weight Loss | Bariatric Counseling Center | Specialized Weight Loss Support,85,0,1,327,True,,0,38,BreadcrumbList|CollectionPage|ImageObject|ListItem|LocalBusiness|Place|PostalAddress|WebSite,0.73
https://www.bariatriccounselingcenter.com/tag/eating-right/,200,,False,Eating Right | Bariatric Counseling Center | Specialized Weight Loss Support,76,0,1,328,True,,0,39,BreadcrumbList|CollectionPage|ImageObject|ListItem|LocalBusiness|Place|PostalAddress|WebSite,0.66
https://www.bariatriccounselingcenter.com/tag/ozempic/,200,,False,Ozempic | Bariatric Counseling Center | Specialized Weight Loss Support,71,0,1,395,True,,0,42,BreadcrumbList|CollectionPage|ImageObject|ListItem|LocalBusiness|Place|PostalAddress|WebSite,0.73
https://www.bariatriccounselingcenter.com/tag/diet-and-nutrition/,200,,False,Diet And Nutrition | Bariatric Counseling Center | Specialized Weight Loss Support,82,0,1,349,True,,0,40,BreadcrumbList|CollectionPage|ImageObject|ListItem|LocalBusiness|Place|PostalAddress|WebSite,0.65
https://www.bariatriccounselingcenter.com/tag/fermented-foods/,200,,False,Fermented Foods | Bariatric Counseling Center | Specialized Weight Loss Support,79,0,1,348,True,,0,40,BreadcrumbList|CollectionPage|ImageObject|ListItem|LocalBusiness|Place|PostalAddress|WebSite,0.7
https://www.bariatriccounselingcenter.com/tag/gut-health/,200,,False,Gut Health | Bariatric Counseling Center | Specialized Weight Loss Support,74,0,1,348,True,,0,40,BreadcrumbList|CollectionPage|ImageObject|ListItem|LocalBusiness|Place|PostalAddress|WebSite,0.68
https://www.bariatriccounselingcenter.com/tag/immune-system/,200,,False,Immune System | Bariatric Counseling Center | Specialized Weight Loss Support,77,0,1,348,True,,0,40,BreadcrumbList|CollectionPage|ImageObject|ListItem|LocalBusiness|Place|PostalAddress|WebSite,0.67
https://www.bariatriccounselingcenter.com/tag/microbiome-balance/,200,,False,Microbiome Balance | Bariatric Counseling Center | Specialized Weight Loss Support,82,0,1,348,True,,0,40,BreadcrumbList|CollectionPage|ImageObject|ListItem|LocalBusiness|Place|PostalAddress|WebSite,0.67
https://www.bariatriccounselingcenter.com/tag/prebiotics/,200,,False,Prebiotics | Bariatric Counseling Center | Specialized Weight Loss Support,74,0,1,347,True,,0,40,BreadcrumbList|CollectionPage|ImageObject|ListItem|LocalBusiness|Place|PostalAddress|WebSite,0.72
https://www.bariatriccounselingcenter.com/tag/probiotics/,200,,False,Probiotics | Bariatric Counseling Center | Specialized Weight Loss Support,74,0,1,347,True,,0,40,BreadcrumbList|CollectionPage|ImageObject|ListItem|LocalBusiness|Place|PostalAddress|WebSite,0.65
https://www.bariatriccounselingcenter.com/tag/supplements/,200,,False,Supplements | Bariatric Counseling Center | Specialized Weight Loss Support,75,0,1,347,True,,0,40,BreadcrumbList|CollectionPage|ImageObject|ListItem|LocalBusiness|Place|PostalAddress|WebSite,0.67
https://www.bariatriccounselingcenter.com/2024/04/self-sabotage/,404,,False,,,,0,,,,,,,0.57
https://www.bariatriccounselingcenter.com/tag/asking-for-help/,200,,False,Asking For Help | Bariatric Counseling Center | Specialized Weight Loss Support,79,0,1,320,True,,0,40,BreadcrumbList|CollectionPage|ImageObject|ListItem|LocalBusiness|Place|PostalAddress|WebSite,0.68
https://www.bariatriccounselingcenter.com/tag/behavioral-patterns/,200,,False,Behavioral Patterns | Bariatric Counseling Center | Specialized Weight Loss Support,83,0,1,319,True,,0,40,BreadcrumbList|CollectionPage|ImageObject|ListItem|LocalBusiness|Place|PostalAddress|WebSite,0.66
https://www.bariatriccounselingcenter.com/tag/identifying-self-sabotage/,200,,False,Identifying Self-sabotage | Bariatric Counseling Center | Specialized Weight Loss Support,89,0,1,319,True,,0,40,BreadcrumbList|CollectionPage|ImageObject|ListItem|LocalBusiness|Place|PostalAddress|WebSite,0.32
https://www.bariatriccounselingcenter.com/tag/intensive-outpatient-program/,200,,False,Intensive Outpatient Program | Bariatric Counseling Center | Specialized Weight Loss Support,92,0,1,381,True,,0,44,BreadcrumbList|CollectionPage|ImageObject|ListItem|LocalBusiness|Place|PostalAddress|WebSite,0.77
https://www.bariatriccounselingcenter.com/tag/licensed-mental-health-professionals/,200,,False,Licensed Mental Health Professionals | Bariatric Counseling Center | Specialized Weight Loss Support,100,0,1,383,True,,0,42,BreadcrumbList|CollectionPage|ImageObject|ListItem|LocalBusiness|Place|PostalAddress|WebSite,0.7
https://www.bariatriccounselingcenter.com/tag/overeating/,200,,False,Overeating | Bariatric Counseling Center | Specialized Weight Loss Support,74,0,1,382,True,,0,44,BreadcrumbList|CollectionPage|ImageObject|ListItem|LocalBusiness|Place|PostalAddress|WebSite,0.67
https://www.bariatriccounselingcenter.com/tag/perfectionism/,200,,False,Perfectionism | Bariatric Counseling Center | Specialized Weight Loss Support,77,0,1,318,True,,0,40,BreadcrumbList|CollectionPage|ImageObject|ListItem|LocalBusiness|Place|PostalAddress|WebSite,0.71
https://www.bariatriccounselingcenter.com/tag/poor-boundaries/,200,,False,Poor Boundaries | Bariatric Counseling Center | Specialized Weight Loss Support,79,0,1,319,True,,0,40,BreadcrumbList|CollectionPage|ImageObject|ListItem|LocalBusiness|Place|PostalAddress|WebSite,0.65
https://www.bariatriccounselingcenter.com/tag/procrastination/,200,,False,Procrastination | Bariatric Counseling Center | Specialized Weight Loss Support,79,0,1,318,True,,0,40,BreadcrumbList|CollectionPage|ImageObject|ListItem|LocalBusiness|Place|PostalAddress|WebSite,0.64
https://www.bariatriccounselingcenter.com/tag/registered-dietitians/,200,,False,Registered Dietitians | Bariatric Counseling Center | Specialized Weight Loss Support,85,0,1,445,True,,0,46,BreadcrumbList|CollectionPage|ImageObject|ListItem|LocalBusiness|Place|PostalAddress|WebSite,0.71
https://www.bariatriccounselingcenter.com/tag/self-awareness/,200,,False,Self-awareness | Bariatric Counseling Center | Specialized Weight Loss Support,78,0,1,372,True,,0,41,BreadcrumbList|CollectionPage|ImageObject|ListItem|LocalBusiness|Place|PostalAddress|WebSite,0.31
https://www.bariatriccounselingcenter.com/tag/self-improvement/,200,,False,Self-improvement | Bariatric Counseling Center | Specialized Weight Loss Support,80,0,1,372,True,,0,41,BreadcrumbList|CollectionPage|ImageObject|ListItem|LocalBusiness|Place|PostalAddress|WebSite,0.72
https://www.bariatriccounselingcenter.com/tag/texas-weight-loss-support/,200,,False,Texas Weight Loss Support | Bariatric Counseling Center | Specialized Weight Loss Support,89,0,1,321,True,,0,40,BreadcrumbList|CollectionPage|ImageObject|ListItem|LocalBusiness|Place|PostalAddress|WebSite,0.7
https://www.bariatriccounselingcenter.com/our-services/,200,https://www.bariatriccounselingcenter.com/ourprogram/,False,"IOP Program For Binge Eating, Food Addiction & Overeating",57,159,1,949,False,https://www.bariatriccounselingcenter.com/ourprogram/,0,34,Article|BreadcrumbList|ImageObject|ListItem|Person|Place|PostalAddress|WebPage|WebSite,0.82
https://www.bariatriccounselingcenter.com/tag/bariatric-diet/,200,,False,Bariatric Diet | Bariatric Counseling Center | Specialized Weight Loss Support,78,0,1,336,True,,0,39,BreadcrumbList|CollectionPage|ImageObject|ListItem|LocalBusiness|Place|PostalAddress|WebSite,0.66
https://www.bariatriccounselingcenter.com/tag/bariatric-journey/,200,,False,Bariatric Journey | Bariatric Counseling Center | Specialized Weight Loss Support,81,0,1,336,True,,0,39,BreadcrumbList|CollectionPage|ImageObject|ListItem|LocalBusiness|Place|PostalAddress|WebSite,0.75
https://www.bariatriccounselingcenter.com/tag/eating-at-events/,200,,False,Eating At Events | Bariatric Counseling Center | Specialized Weight Loss Support,80,0,1,337,True,,0,39,BreadcrumbList|CollectionPage|ImageObject|ListItem|LocalBusiness|Place|PostalAddress|WebSite,0.67
https://www.bariatriccounselingcenter.com/tag/fiesta-san-antonio/,200,,False,Fiesta San Antonio | Bariatric Counseling Center | Specialized Weight Loss Support,82,0,1,337,True,,0,39,BreadcrumbList|CollectionPage|ImageObject|ListItem|LocalBusiness|Place|PostalAddress|WebSite,0.69
https://www.bariatriccounselingcenter.com/tag/food-and-culture/,200,,False,Food And Culture | Bariatric Counseling Center | Specialized Weight Loss Support,80,0,1,337,True,,0,39,BreadcrumbList|CollectionPage|ImageObject|ListItem|LocalBusiness|Place|PostalAddress|WebSite,0.73
https://www.bariatriccounselingcenter.com/tag/healthy-eating-tips/,200,,False,Healthy Eating Tips | Bariatric Counseling Center | Specialized Weight Loss Support,83,0,1,337,True,,0,39,BreadcrumbList|CollectionPage|ImageObject|ListItem|LocalBusiness|Place|PostalAddress|WebSite,0.73
https://www.bariatriccounselingcenter.com/tag/mindful-eating-at-events/,200,,False,Mindful Eating At Events | Bariatric Counseling Center | Specialized Weight Loss Support,88,0,1,338,True,,0,39,BreadcrumbList|CollectionPage|ImageObject|ListItem|LocalBusiness|Place|PostalAddress|WebSite,0.75
https://www.bariatriccounselingcenter.com/tag/post-op-diet/,200,,False,Post-op Diet | Bariatric Counseling Center | Specialized Weight Loss Support,76,0,1,336,True,,0,39,BreadcrumbList|CollectionPage|ImageObject|ListItem|LocalBusiness|Place|PostalAddress|WebSite,1.08
https://www.bariatriccounselingcenter.com/tag/breaking-eating-habits/,200,,False,Breaking Eating Habits | Bariatric Counseling Center | Specialized Weight Loss Support,86,0,1,323,True,,0,38,BreadcrumbList|CollectionPage|ImageObject|ListItem|LocalBusiness|Place|PostalAddress|WebSite,0.71
https://www.bariatriccounselingcenter.com/tag/decision-fatigue/,200,,False,Decision Fatigue | Bariatric Counseling Center | Specialized Weight Loss Support,80,0,1,322,True,,0,38,BreadcrumbList|CollectionPage|ImageObject|ListItem|LocalBusiness|Place|PostalAddress|WebSite,1.02
https://www.bariatriccounselingcenter.com/tag/evening-cravings/,200,,False,Evening Cravings | Bariatric Counseling Center | Specialized Weight Loss Support,80,0,1,322,True,,0,38,BreadcrumbList|CollectionPage|ImageObject|ListItem|LocalBusiness|Place|PostalAddress|WebSite,0.78
https://www.bariatriccounselingcenter.com/tag/late-night-snacking/,200,,False,Late Night Snacking | Bariatric Counseling Center | Specialized Weight Loss Support,83,0,1,323,True,,0,38,BreadcrumbList|CollectionPage|ImageObject|ListItem|LocalBusiness|Place|PostalAddress|WebSite,0.7
https://www.bariatriccounselingcenter.com/tag/nighttime-routines/,200,,False,Nighttime Routines | Bariatric Counseling Center | Specialized Weight Loss Support,82,0,1,322,True,,0,38,BreadcrumbList|CollectionPage|ImageObject|ListItem|LocalBusiness|Place|PostalAddress|WebSite,0.86
https://www.bariatriccounselingcenter.com/tag/sleep-and-appetite/,200,,False,Sleep And Appetite | Bariatric Counseling Center | Specialized Weight Loss Support,82,0,1,387,True,,0,41,BreadcrumbList|CollectionPage|ImageObject|ListItem|LocalBusiness|Place|PostalAddress|WebSite,0.78
https://www.bariatriccounselingcenter.com/tag/stress-and-food/,200,,False,Stress And Food | Bariatric Counseling Center | Specialized Weight Loss Support,79,0,1,403,True,,0,42,BreadcrumbList|CollectionPage|ImageObject|ListItem|LocalBusiness|Place|PostalAddress|WebSite,0.8
https://www.bariatriccounselingcenter.com/tag/body-image/,200,,False,Body Image | Bariatric Counseling Center | Specialized Weight Loss Support,74,0,1,379,True,,0,43,BreadcrumbList|CollectionPage|ImageObject|ListItem|LocalBusiness|Place|PostalAddress|WebSite,0.46
https://www.bariatriccounselingcenter.com/tag/coping-with-food/,200,,False,Coping With Food | Bariatric Counseling Center | Specialized Weight Loss Support,80,0,1,318,True,,0,38,BreadcrumbList|CollectionPage|ImageObject|ListItem|LocalBusiness|Place|PostalAddress|WebSite,0.94
https://www.bariatriccounselingcenter.com/tag/eating-disorder-support/,200,,False,Eating Disorder Support | Bariatric Counseling Center | Specialized Weight Loss Support,87,0,1,318,True,,0,38,BreadcrumbList|CollectionPage|ImageObject|ListItem|LocalBusiness|Place|PostalAddress|WebSite,1.59
https://www.bariatriccounselingcenter.com/tag/food-and-mental-health/,200,,False,Food And Mental Health | Bariatric Counseling Center | Specialized Weight Loss Support,86,0,1,319,True,,0,38,BreadcrumbList|CollectionPage|ImageObject|ListItem|LocalBusiness|Place|PostalAddress|WebSite,1.78
https://www.bariatriccounselingcenter.com/tag/nutrition-support/,200,,False,Nutrition Support | Bariatric Counseling Center | Specialized Weight Loss Support,81,0,1,317,True,,0,38,BreadcrumbList|CollectionPage|ImageObject|ListItem|LocalBusiness|Place|PostalAddress|WebSite,0.76
https://www.bariatriccounselingcenter.com/tag/restriction-and-dieting/,200,,False,Restriction And Dieting | Bariatric Counseling Center | Specialized Weight Loss Support,87,0,1,318,True,,0,38,BreadcrumbList|CollectionPage|ImageObject|ListItem|LocalBusiness|Place|PostalAddress|WebSite,0.75
https://www.bariatriccounselingcenter.com/tag/stress-and-eating/,200,,False,Stress And Eating | Bariatric Counseling Center | Specialized Weight Loss Support,81,0,1,318,True,,0,38,BreadcrumbList|CollectionPage|ImageObject|ListItem|LocalBusiness|Place|PostalAddress|WebSite,0.36
https://www.bariatriccounselingcenter.com/tag/weight-and-mental-health/,200,,False,Weight And Mental Health | Bariatric Counseling Center | Specialized Weight Loss Support,88,0,1,319,True,,0,38,BreadcrumbList|CollectionPage|ImageObject|ListItem|LocalBusiness|Place|PostalAddress|WebSite,0.34
https://www.bariatriccounselingcenter.com/tag/bed-in-men/,200,,False,BED In Men | Bariatric Counseling Center | Specialized Weight Loss Support,74,0,1,336,True,,0,39,BreadcrumbList|CollectionPage|ImageObject|ListItem|LocalBusiness|Place|PostalAddress|WebSite,0.67
https://www.bariatriccounselingcenter.com/tag/male-eating-disorders/,200,,False,Male Eating Disorders | Bariatric Counseling Center | Specialized Weight Loss Support,85,0,1,336,True,,0,39,BreadcrumbList|CollectionPage|ImageObject|ListItem|LocalBusiness|Place|PostalAddress|WebSite,0.77
https://www.bariatriccounselingcenter.com/tag/men-and-binge-eating/,200,,False,Men And Binge Eating | Bariatric Counseling Center | Specialized Weight Loss Support,84,0,1,337,True,,0,39,BreadcrumbList|CollectionPage|ImageObject|ListItem|LocalBusiness|Place|PostalAddress|WebSite,0.74
https://www.bariatriccounselingcenter.com/tag/food-noise/,200,,False,Food Noise | Bariatric Counseling Center | Specialized Weight Loss Support,74,0,1,327,True,,0,39,BreadcrumbList|CollectionPage|ImageObject|ListItem|LocalBusiness|Place|PostalAddress|WebSite,0.69
https://www.bariatriccounselingcenter.com/tag/glp-1-medications/,200,,False,GLP-1 Medications | Bariatric Counseling Center | Specialized Weight Loss Support,81,0,1,327,True,,0,39,BreadcrumbList|CollectionPage|ImageObject|ListItem|LocalBusiness|Place|PostalAddress|WebSite,0.73
https://www.bariatriccounselingcenter.com/tag/mounjaro/,200,,False,Mounjaro | Bariatric Counseling Center | Specialized Weight Loss Support,72,0,1,326,True,,0,39,BreadcrumbList|CollectionPage|ImageObject|ListItem|LocalBusiness|Place|PostalAddress|WebSite,0.72
https://www.bariatriccounselingcenter.com/tag/semaglutide/,200,,False,Semaglutide | Bariatric Counseling Center | Specialized Weight Loss Support,75,0,1,326,True,,0,39,BreadcrumbList|CollectionPage|ImageObject|ListItem|LocalBusiness|Place|PostalAddress|WebSite,1.02
https://www.bariatriccounselingcenter.com/tag/tirzepatide/,200,,False,Tirzepatide | Bariatric Counseling Center | Specialized Weight Loss Support,75,0,1,326,True,,0,39,BreadcrumbList|CollectionPage|ImageObject|ListItem|LocalBusiness|Place|PostalAddress|WebSite,2.45
https://www.bariatriccounselingcenter.com/tag/wegovy/,200,,False,Wegovy | Bariatric Counseling Center | Specialized Weight Loss Support,70,0,1,326,True,,0,39,BreadcrumbList|CollectionPage|ImageObject|ListItem|LocalBusiness|Place|PostalAddress|WebSite,0.75
https://www.bariatriccounselingcenter.com/tag/zepbound/,200,,False,Zepbound | Bariatric Counseling Center | Specialized Weight Loss Support,72,0,1,326,True,,0,39,BreadcrumbList|CollectionPage|ImageObject|ListItem|LocalBusiness|Place|PostalAddress|WebSite,0.68
https://www.bariatriccounselingcenter.com/tag/eating-disorder-treatment-san-antonio/,200,,False,Eating Disorder Treatment San Antonio | Bariatric Counseling Center | Specialized Weight Loss Support,101,0,1,323,True,,0,39,BreadcrumbList|CollectionPage|ImageObject|ListItem|LocalBusiness|Place|PostalAddress|WebSite,0.71
https://www.bariatriccounselingcenter.com/tag/integrated-treatment/,200,,False,Integrated Treatment | Bariatric Counseling Center | Specialized Weight Loss Support,84,0,1,320,True,,0,39,BreadcrumbList|CollectionPage|ImageObject|ListItem|LocalBusiness|Place|PostalAddress|WebSite,0.74
https://www.bariatriccounselingcenter.com/tag/iop-for-binge-eating/,200,,False,IOP For Binge Eating | Bariatric Counseling Center | Specialized Weight Loss Support,84,0,1,322,True,,0,39,BreadcrumbList|CollectionPage|ImageObject|ListItem|LocalBusiness|Place|PostalAddress|WebSite,0.69
https://www.bariatriccounselingcenter.com/tag/blood-sugar-balance/,200,,False,Blood Sugar Balance | Bariatric Counseling Center | Specialized Weight Loss Support,83,0,1,312,True,,0,37,BreadcrumbList|CollectionPage|ImageObject|ListItem|LocalBusiness|Place|PostalAddress|WebSite,0.89
https://www.bariatriccounselingcenter.com/tag/cravings/,200,,False,Cravings | Bariatric Counseling Center | Specialized Weight Loss Support,72,0,1,310,True,,0,37,BreadcrumbList|CollectionPage|ImageObject|ListItem|LocalBusiness|Place|PostalAddress|WebSite,0.94
https://www.bariatriccounselingcenter.com/tag/food-cravings/,200,,False,Food Cravings | Bariatric Counseling Center | Specialized Weight Loss Support,77,0,1,311,True,,0,37,BreadcrumbList|CollectionPage|ImageObject|ListItem|LocalBusiness|Place|PostalAddress|WebSite,0.69
https://www.bariatriccounselingcenter.com/tag/healthy-lifestyle/,200,,False,Healthy Lifestyle | Bariatric Counseling Center | Specialized Weight Loss Support,81,0,1,439,True,,0,45,BreadcrumbList|CollectionPage|ImageObject|ListItem|LocalBusiness|Place|PostalAddress|WebSite,1.22
https://www.bariatriccounselingcenter.com/tag/healthy-snacks/,200,,False,Healthy Snacks | Bariatric Counseling Center | Specialized Weight Loss Support,78,0,1,311,True,,0,37,BreadcrumbList|CollectionPage|ImageObject|ListItem|LocalBusiness|Place|PostalAddress|WebSite,0.71
https://www.bariatriccounselingcenter.com/tag/registered-dietitian/,200,,False,Registered Dietitian | Bariatric Counseling Center | Specialized Weight Loss Support,84,0,1,311,True,,0,37,BreadcrumbList|CollectionPage|ImageObject|ListItem|LocalBusiness|Place|PostalAddress|WebSite,0.82
https://www.bariatriccounselingcenter.com/tag/sleep-and-nutrition/,200,,False,Sleep And Nutrition | Bariatric Counseling Center | Specialized Weight Loss Support,83,0,1,312,True,,0,37,BreadcrumbList|CollectionPage|ImageObject|ListItem|LocalBusiness|Place|PostalAddress|WebSite,0.71
https://www.bariatriccounselingcenter.com/tag/weight-loss-tips/,200,,False,Weight Loss Tips | Bariatric Counseling Center | Specialized Weight Loss Support,80,0,1,502,True,,0,47,BreadcrumbList|CollectionPage|ImageObject|ListItem|LocalBusiness|Place|PostalAddress|WebSite,1.15
https://www.bariatriccounselingcenter.com/tag/behavioral-change/,200,,False,Behavioral Change | Bariatric Counseling Center | Specialized Weight Loss Support,81,0,1,468,True,,0,46,BreadcrumbList|CollectionPage|ImageObject|ListItem|LocalBusiness|Place|PostalAddress|WebSite,0.73
https://www.bariatriccounselingcenter.com/tag/better-sleep-for-weight-loss/,200,,False,Better Sleep For Weight Loss | Bariatric Counseling Center | Specialized Weight Loss Support,92,0,1,326,True,,0,38,BreadcrumbList|CollectionPage|ImageObject|ListItem|LocalBusiness|Place|PostalAddress|WebSite,0.79
